[{"id":"10180","name":"Abilene, TX","geoLevel":"MSA","rank":215,"score":0.3423408047971226,"customerCount":0,"inGeofence":false,"lat":32.449684,"lng":-99.717678,"countyID":null,"msaID":"10180","msaName":"Abilene, TX"},{"id":"10380","name":"Aguadilla-Isabela, PR","geoLevel":"MSA","rank":186,"score":0.3615184889456994,"customerCount":0,"inGeofence":false,"lat":18.335326,"lng":-66.953084,"countyID":null,"msaID":"10380","msaName":"Aguadilla-Isabela, PR"},{"id":"10420","name":"Akron, OH","geoLevel":"MSA","rank":286,"score":0.3129470788886728,"customerCount":0,"inGeofence":false,"lat":41.148734,"lng":-81.349536,"countyID":null,"msaID":"10420","msaName":"Akron, OH"},{"id":"10500","name":"Albany, GA","geoLevel":"MSA","rank":97,"score":0.4208684774235041,"customerCount":0,"inGeofence":false,"lat":31.646166,"lng":-84.115653,"countyID":null,"msaID":"10500","msaName":"Albany, GA"},{"id":"10540","name":"Albany-Lebanon, OR","geoLevel":"MSA","rank":318,"score":0.292158805161055,"customerCount":0,"inGeofence":false,"lat":44.488381,"lng":-122.533642,"countyID":null,"msaID":"10540","msaName":"Albany-Lebanon, OR"},{"id":"10580","name":"Albany-Schenectady-Troy, NY","geoLevel":"MSA","rank":47,"score":0.4965618091021682,"customerCount":0,"inGeofence":false,"lat":42.786294,"lng":-73.942658,"countyID":null,"msaID":"10580","msaName":"Albany-Schenectady-Troy, NY"},{"id":"10740","name":"Albuquerque, NM","geoLevel":"MSA","rank":125,"score":0.3983965287383378,"customerCount":0,"inGeofence":false,"lat":35.122301,"lng":-106.471584,"countyID":null,"msaID":"10740","msaName":"Albuquerque, NM"},{"id":"10780","name":"Alexandria, LA","geoLevel":"MSA","rank":179,"score":0.3656258630512687,"customerCount":0,"inGeofence":false,"lat":31.329963,"lng":-92.542481,"countyID":null,"msaID":"10780","msaName":"Alexandria, LA"},{"id":"10900","name":"Allentown-Bethlehem-Easton, PA-NJ","geoLevel":"MSA","rank":121,"score":0.4023639390019868,"customerCount":0,"inGeofence":false,"lat":40.789434,"lng":-75.404536,"countyID":null,"msaID":"10900","msaName":"Allentown-Bethlehem-Easton, PA-NJ"},{"id":"11020","name":"Altoona, PA","geoLevel":"MSA","rank":330,"score":0.2885876820646813,"customerCount":0,"inGeofence":false,"lat":40.48108,"lng":-78.348399,"countyID":null,"msaID":"11020","msaName":"Altoona, PA"},{"id":"11100","name":"Amarillo, TX","geoLevel":"MSA","rank":160,"score":0.3766706822737856,"customerCount":0,"inGeofence":false,"lat":35.248274,"lng":-101.90991,"countyID":null,"msaID":"11100","msaName":"Amarillo, TX"},{"id":"11180","name":"Ames, IA","geoLevel":"MSA","rank":307,"score":0.297616791641975,"customerCount":0,"inGeofence":false,"lat":42.036391,"lng":-93.69835,"countyID":null,"msaID":"11180","msaName":"Ames, IA"},{"id":"11260","name":"Anchorage, AK","geoLevel":"MSA","rank":319,"score":0.2920847896292729,"customerCount":0,"inGeofence":false,"lat":62.24069,"lng":-149.551209,"countyID":null,"msaID":"11260","msaName":"Anchorage, AK"},{"id":"11460","name":"Ann Arbor, MI","geoLevel":"MSA","rank":78,"score":0.4433994813347931,"customerCount":0,"inGeofence":false,"lat":42.252984,"lng":-83.839401,"countyID":null,"msaID":"11460","msaName":"Ann Arbor, MI"},{"id":"11500","name":"Anniston-Oxford, AL","geoLevel":"MSA","rank":217,"score":0.3408752433475261,"customerCount":0,"inGeofence":false,"lat":33.771404,"lng":-85.82503,"countyID":null,"msaID":"11500","msaName":"Anniston-Oxford, AL"},{"id":"11540","name":"Appleton, WI","geoLevel":"MSA","rank":290,"score":0.3104187832724582,"customerCount":0,"inGeofence":false,"lat":44.305834,"lng":-88.371438,"countyID":null,"msaID":"11540","msaName":"Appleton, WI"},{"id":"11640","name":"Arecibo, PR","geoLevel":"MSA","rank":263,"score":0.3209080870730301,"customerCount":0,"inGeofence":false,"lat":18.41294,"lng":-66.756959,"countyID":null,"msaID":"11640","msaName":"Arecibo, PR"},{"id":"11700","name":"Asheville, NC","geoLevel":"MSA","rank":161,"score":0.3765066556735875,"customerCount":0,"inGeofence":false,"lat":35.600488,"lng":-82.682701,"countyID":null,"msaID":"11700","msaName":"Asheville, NC"},{"id":"12020","name":"Athens-Clarke County, GA","geoLevel":"MSA","rank":80,"score":0.4426724741459634,"customerCount":0,"inGeofence":false,"lat":33.949064,"lng":-83.213738,"countyID":null,"msaID":"12020","msaName":"Athens-Clarke County, GA"},{"id":"12060","name":"Atlanta-Sandy Springs-Alpharetta, GA","geoLevel":"MSA","rank":15,"score":0.8643370101902335,"customerCount":0,"inGeofence":false,"lat":33.69075,"lng":-84.400633,"countyID":null,"msaID":"12060","msaName":"Atlanta-Sandy Springs-Alpharetta, GA"},{"id":"12100","name":"Atlantic City-Hammonton, NJ","geoLevel":"MSA","rank":68,"score":0.4553451340950257,"customerCount":0,"inGeofence":false,"lat":39.482987,"lng":-74.677631,"countyID":null,"msaID":"12100","msaName":"Atlantic City-Hammonton, NJ"},{"id":"12220","name":"Auburn-Opelika, AL","geoLevel":"MSA","rank":177,"score":0.3687051234777462,"customerCount":0,"inGeofence":false,"lat":32.600619,"lng":-85.357248,"countyID":null,"msaID":"12220","msaName":"Auburn-Opelika, AL"},{"id":"12260","name":"Augusta-Richmond County, GA-SC","geoLevel":"MSA","rank":168,"score":0.3722390247981379,"customerCount":0,"inGeofence":false,"lat":33.455703,"lng":-81.975496,"countyID":null,"msaID":"12260","msaName":"Augusta-Richmond County, GA-SC"},{"id":"12420","name":"Austin-Round Rock-Georgetown, TX","geoLevel":"MSA","rank":11,"score":0.9128304484535169,"customerCount":0,"inGeofence":false,"lat":30.2614,"lng":-97.652628,"countyID":null,"msaID":"12420","msaName":"Austin-Round Rock-Georgetown, TX"},{"id":"12540","name":"Bakersfield, CA","geoLevel":"MSA","rank":75,"score":0.4466404731340959,"customerCount":0,"inGeofence":false,"lat":35.342634,"lng":-118.73005,"countyID":null,"msaID":"12540","msaName":"Bakersfield, CA"},{"id":"12580","name":"Baltimore-Columbia-Towson, MD","geoLevel":"MSA","rank":17,"score":0.8485531685783908,"customerCount":0,"inGeofence":false,"lat":39.344922,"lng":-76.587572,"countyID":null,"msaID":"12580","msaName":"Baltimore-Columbia-Towson, MD"},{"id":"12620","name":"Bangor, ME","geoLevel":"MSA","rank":314,"score":0.2934674820685071,"customerCount":0,"inGeofence":false,"lat":45.401076,"lng":-68.651133,"countyID":null,"msaID":"12620","msaName":"Bangor, ME"},{"id":"12700","name":"Barnstable Town, MA","geoLevel":"MSA","rank":166,"score":0.3733307085225649,"customerCount":0,"inGeofence":false,"lat":41.726923,"lng":-70.298151,"countyID":null,"msaID":"12700","msaName":"Barnstable Town, MA"},{"id":"12940","name":"Baton Rouge, LA","geoLevel":"MSA","rank":112,"score":0.4120244900489687,"customerCount":0,"inGeofence":false,"lat":30.523287,"lng":-91.128212,"countyID":null,"msaID":"12940","msaName":"Baton Rouge, LA"},{"id":"12980","name":"Battle Creek, MI","geoLevel":"MSA","rank":368,"score":0.2678454408248239,"customerCount":0,"inGeofence":false,"lat":42.246656,"lng":-85.005526,"countyID":null,"msaID":"12980","msaName":"Battle Creek, MI"},{"id":"13020","name":"Bay City, MI","geoLevel":"MSA","rank":361,"score":0.2713121441928203,"customerCount":0,"inGeofence":false,"lat":43.708296,"lng":-83.992774,"countyID":null,"msaID":"13020","msaName":"Bay City, MI"},{"id":"13140","name":"Beaumont-Port Arthur, TX","geoLevel":"MSA","rank":131,"score":0.3915312647181835,"customerCount":0,"inGeofence":false,"lat":30.109577,"lng":-94.219906,"countyID":null,"msaID":"13140","msaName":"Beaumont-Port Arthur, TX"},{"id":"13220","name":"Beckley, WV","geoLevel":"MSA","rank":362,"score":0.2711713087414013,"customerCount":0,"inGeofence":false,"lat":37.905648,"lng":-81.161241,"countyID":null,"msaID":"13220","msaName":"Beckley, WV"},{"id":"13380","name":"Bellingham, WA","geoLevel":"MSA","rank":320,"score":0.2918446950520628,"customerCount":0,"inGeofence":false,"lat":48.825253,"lng":-121.722327,"countyID":null,"msaID":"13380","msaName":"Bellingham, WA"},{"id":"13460","name":"Bend, OR","geoLevel":"MSA","rank":281,"score":0.313897633451759,"customerCount":0,"inGeofence":false,"lat":43.915005,"lng":-121.228135,"countyID":null,"msaID":"13460","msaName":"Bend, OR"},{"id":"13740","name":"Billings, MT","geoLevel":"MSA","rank":310,"score":0.2954066613557979,"customerCount":0,"inGeofence":false,"lat":45.639689,"lng":-108.823136,"countyID":null,"msaID":"13740","msaName":"Billings, MT"},{"id":"13780","name":"Binghamton, NY","geoLevel":"MSA","rank":359,"score":0.2722627003414899,"customerCount":0,"inGeofence":false,"lat":42.164933,"lng":-76.025282,"countyID":null,"msaID":"13780","msaName":"Binghamton, NY"},{"id":"13820","name":"Birmingham-Hoover, AL","geoLevel":"MSA","rank":91,"score":0.4274311619097965,"customerCount":0,"inGeofence":false,"lat":33.403963,"lng":-86.730334,"countyID":null,"msaID":"13820","msaName":"Birmingham-Hoover, AL"},{"id":"13900","name":"Bismarck, ND","geoLevel":"MSA","rank":333,"score":0.2859593793598357,"customerCount":0,"inGeofence":false,"lat":46.885124,"lng":-100.980571,"countyID":null,"msaID":"13900","msaName":"Bismarck, ND"},{"id":"13980","name":"Blacksburg-Christiansburg, VA","geoLevel":"MSA","rank":187,"score":0.3611571484066292,"customerCount":0,"inGeofence":false,"lat":37.186525,"lng":-80.591962,"countyID":null,"msaID":"13980","msaName":"Blacksburg-Christiansburg, VA"},{"id":"14010","name":"Bloomington, IL","geoLevel":"MSA","rank":241,"score":0.3339199958140902,"customerCount":0,"inGeofence":false,"lat":40.490906,"lng":-88.847316,"countyID":null,"msaID":"14010","msaName":"Bloomington, IL"},{"id":"14020","name":"Bloomington, IN","geoLevel":"MSA","rank":146,"score":0.3831756243316263,"customerCount":0,"inGeofence":false,"lat":39.234718,"lng":-86.675943,"countyID":null,"msaID":"14020","msaName":"Bloomington, IN"},{"id":"14100","name":"Bloomsburg-Berwick, PA","geoLevel":"MSA","rank":358,"score":0.2739039659292491,"customerCount":0,"inGeofence":false,"lat":41.044652,"lng":-76.459177,"countyID":null,"msaID":"14100","msaName":"Bloomsburg-Berwick, PA"},{"id":"14260","name":"Boise City, ID","geoLevel":"MSA","rank":128,"score":0.3926257760684514,"customerCount":0,"inGeofence":false,"lat":43.015175,"lng":-116.142973,"countyID":null,"msaID":"14260","msaName":"Boise City, ID"},{"id":"14460","name":"Boston-Cambridge-Newton, MA-NH","geoLevel":"MSA","rank":5,"score":0.9653393317162432,"customerCount":0,"inGeofence":false,"lat":42.557557,"lng":-71.104884,"countyID":null,"msaID":"14460","msaName":"Boston-Cambridge-Newton, MA-NH"},{"id":"14500","name":"Boulder, CO","geoLevel":"MSA","rank":139,"score":0.3873984999606163,"customerCount":0,"inGeofence":false,"lat":40.092474,"lng":-105.357723,"countyID":null,"msaID":"14500","msaName":"Boulder, CO"},{"id":"14540","name":"Bowling Green, KY","geoLevel":"MSA","rank":256,"score":0.3240890181893026,"customerCount":0,"inGeofence":false,"lat":37.038334,"lng":-86.406603,"countyID":null,"msaID":"14540","msaName":"Bowling Green, KY"},{"id":"14740","name":"Bremerton-Silverdale-Port Orchard, WA","geoLevel":"MSA","rank":258,"score":0.3226225040828038,"customerCount":0,"inGeofence":false,"lat":47.611172,"lng":-122.676625,"countyID":null,"msaID":"14740","msaName":"Bremerton-Silverdale-Port Orchard, WA"},{"id":"14860","name":"Bridgeport-Stamford-Norwalk, CT","geoLevel":"MSA","rank":142,"score":0.3848907862370297,"customerCount":0,"inGeofence":false,"lat":41.273191,"lng":-73.389779,"countyID":null,"msaID":"14860","msaName":"Bridgeport-Stamford-Norwalk, CT"},{"id":"15180","name":"Brownsville-Harlingen, TX","geoLevel":"MSA","rank":43,"score":0.5169388464065288,"customerCount":0,"inGeofence":false,"lat":26.129885,"lng":-97.535063,"countyID":null,"msaID":"15180","msaName":"Brownsville-Harlingen, TX"},{"id":"15260","name":"Brunswick, GA","geoLevel":"MSA","rank":117,"score":0.4072587425214505,"customerCount":0,"inGeofence":false,"lat":31.311998,"lng":-81.653038,"countyID":null,"msaID":"15260","msaName":"Brunswick, GA"},{"id":"15380","name":"Buffalo-Cheektowaga, NY","geoLevel":"MSA","rank":77,"score":0.445260368932658,"customerCount":0,"inGeofence":false,"lat":42.909336,"lng":-78.734069,"countyID":null,"msaID":"15380","msaName":"Buffalo-Cheektowaga, NY"},{"id":"15500","name":"Burlington, NC","geoLevel":"MSA","rank":207,"score":0.3475620232790878,"customerCount":0,"inGeofence":false,"lat":36.043757,"lng":-79.399256,"countyID":null,"msaID":"15500","msaName":"Burlington, NC"},{"id":"15540","name":"Burlington-South Burlington, VT","geoLevel":"MSA","rank":345,"score":0.2831367786125559,"customerCount":0,"inGeofence":false,"lat":44.684016,"lng":-72.987306,"countyID":null,"msaID":"15540","msaName":"Burlington-South Burlington, VT"},{"id":"15680","name":"California-Lexington Park, MD","geoLevel":"MSA","rank":269,"score":0.3183592552203389,"customerCount":0,"inGeofence":false,"lat":38.304002,"lng":-76.608842,"countyID":null,"msaID":"15680","msaName":"California-Lexington Park, MD"},{"id":"15940","name":"Canton-Massillon, OH","geoLevel":"MSA","rank":316,"score":0.2926099191377177,"customerCount":0,"inGeofence":false,"lat":40.718673,"lng":-81.253478,"countyID":null,"msaID":"15940","msaName":"Canton-Massillon, OH"},{"id":"15980","name":"Cape Coral-Fort Myers, FL","geoLevel":"MSA","rank":40,"score":0.5319783214895053,"customerCount":0,"inGeofence":false,"lat":26.578746,"lng":-81.819502,"countyID":null,"msaID":"15980","msaName":"Cape Coral-Fort Myers, FL"},{"id":"16020","name":"Cape Girardeau, MO-IL","geoLevel":"MSA","rank":239,"score":0.3345820241866384,"customerCount":0,"inGeofence":false,"lat":37.326325,"lng":-89.775222,"countyID":null,"msaID":"16020","msaName":"Cape Girardeau, MO-IL"},{"id":"16060","name":"Carbondale-Marion, IL","geoLevel":"MSA","rank":261,"score":0.3220935310945305,"customerCount":0,"inGeofence":false,"lat":37.686432,"lng":-89.11183,"countyID":null,"msaID":"16060","msaName":"Carbondale-Marion, IL"},{"id":"16180","name":"Carson City, NV","geoLevel":"MSA","rank":284,"score":0.3132498701098896,"customerCount":0,"inGeofence":false,"lat":39.151943,"lng":-119.728893,"countyID":null,"msaID":"16180","msaName":"Carson City, NV"},{"id":"16220","name":"Casper, WY","geoLevel":"MSA","rank":383,"score":0.2529078928839762,"customerCount":0,"inGeofence":false,"lat":42.963659,"lng":-106.798164,"countyID":null,"msaID":"16220","msaName":"Casper, WY"},{"id":"16300","name":"Cedar Rapids, IA","geoLevel":"MSA","rank":245,"score":0.332398943499098,"customerCount":0,"inGeofence":false,"lat":42.091515,"lng":-91.630808,"countyID":null,"msaID":"16300","msaName":"Cedar Rapids, IA"},{"id":"16540","name":"Chambersburg-Waynesboro, PA","geoLevel":"MSA","rank":303,"score":0.3006020835212025,"customerCount":0,"inGeofence":false,"lat":39.927457,"lng":-77.721237,"countyID":null,"msaID":"16540","msaName":"Chambersburg-Waynesboro, PA"},{"id":"16580","name":"Champaign-Urbana, IL","geoLevel":"MSA","rank":211,"score":0.3462475981945577,"customerCount":0,"inGeofence":false,"lat":40.100501,"lng":-88.318795,"countyID":null,"msaID":"16580","msaName":"Champaign-Urbana, IL"},{"id":"16620","name":"Charleston, WV","geoLevel":"MSA","rank":295,"score":0.307673295730041,"customerCount":0,"inGeofence":false,"lat":38.354891,"lng":-81.618796,"countyID":null,"msaID":"16620","msaName":"Charleston, WV"},{"id":"16700","name":"Charleston-North Charleston, SC","geoLevel":"MSA","rank":29,"score":0.6182784719493571,"customerCount":0,"inGeofence":false,"lat":33.041984,"lng":-80.048232,"countyID":null,"msaID":"16700","msaName":"Charleston-North Charleston, SC"},{"id":"16740","name":"Charlotte-Concord-Gastonia, NC-SC","geoLevel":"MSA","rank":34,"score":0.5819488876516893,"customerCount":0,"inGeofence":false,"lat":35.165999,"lng":-80.794754,"countyID":null,"msaID":"16740","msaName":"Charlotte-Concord-Gastonia, NC-SC"},{"id":"16820","name":"Charlottesville, VA","geoLevel":"MSA","rank":99,"score":0.4198106367275454,"customerCount":0,"inGeofence":false,"lat":37.950891,"lng":-78.593106,"countyID":null,"msaID":"16820","msaName":"Charlottesville, VA"},{"id":"16860","name":"Chattanooga, TN-GA","geoLevel":"MSA","rank":108,"score":0.4144132917489846,"customerCount":0,"inGeofence":false,"lat":35.049557,"lng":-85.361516,"countyID":null,"msaID":"16860","msaName":"Chattanooga, TN-GA"},{"id":"16940","name":"Cheyenne, WY","geoLevel":"MSA","rank":364,"score":0.2695010080008673,"customerCount":0,"inGeofence":false,"lat":41.307071,"lng":-104.689637,"countyID":null,"msaID":"16940","msaName":"Cheyenne, WY"},{"id":"16980","name":"Chicago-Naperville-Elgin, IL-IN-WI","geoLevel":"MSA","rank":7,"score":0.9600080989952523,"customerCount":0,"inGeofence":false,"lat":41.701428,"lng":-87.961655,"countyID":null,"msaID":"16980","msaName":"Chicago-Naperville-Elgin, IL-IN-WI"},{"id":"17020","name":"Chico, CA","geoLevel":"MSA","rank":89,"score":0.4287844305874519,"customerCount":0,"inGeofence":false,"lat":39.667964,"lng":-121.602266,"countyID":null,"msaID":"17020","msaName":"Chico, CA"},{"id":"17140","name":"Cincinnati, OH-KY-IN","geoLevel":"MSA","rank":70,"score":0.4518753350320815,"customerCount":0,"inGeofence":false,"lat":39.102105,"lng":-84.480792,"countyID":null,"msaID":"17140","msaName":"Cincinnati, OH-KY-IN"},{"id":"17300","name":"Clarksville, TN-KY","geoLevel":"MSA","rank":232,"score":0.3367170146148404,"customerCount":0,"inGeofence":false,"lat":36.693862,"lng":-87.612455,"countyID":null,"msaID":"17300","msaName":"Clarksville, TN-KY"},{"id":"17420","name":"Cleveland, TN","geoLevel":"MSA","rank":251,"score":0.3285895127841554,"customerCount":0,"inGeofence":false,"lat":35.133924,"lng":-84.667671,"countyID":null,"msaID":"17420","msaName":"Cleveland, TN"},{"id":"17460","name":"Cleveland-Elyria, OH","geoLevel":"MSA","rank":123,"score":0.4007188624541654,"customerCount":0,"inGeofence":false,"lat":41.375138,"lng":-81.683541,"countyID":null,"msaID":"17460","msaName":"Cleveland-Elyria, OH"},{"id":"17660","name":"Coeur d'Alene, ID","geoLevel":"MSA","rank":353,"score":0.2765624014226042,"customerCount":0,"inGeofence":false,"lat":47.677854,"lng":-116.698852,"countyID":null,"msaID":"17660","msaName":"Coeur d'Alene, ID"},{"id":"17780","name":"College Station-Bryan, TX","geoLevel":"MSA","rank":72,"score":0.4492639585937754,"customerCount":0,"inGeofence":false,"lat":30.757768,"lng":-96.488459,"countyID":null,"msaID":"17780","msaName":"College Station-Bryan, TX"},{"id":"17820","name":"Colorado Springs, CO","geoLevel":"MSA","rank":204,"score":0.3486302470153692,"customerCount":0,"inGeofence":false,"lat":38.84258,"lng":-104.657901,"countyID":null,"msaID":"17820","msaName":"Colorado Springs, CO"},{"id":"17860","name":"Columbia, MO","geoLevel":"MSA","rank":194,"score":0.3543509082174497,"customerCount":0,"inGeofence":false,"lat":38.98408,"lng":-92.578666,"countyID":null,"msaID":"17860","msaName":"Columbia, MO"},{"id":"17900","name":"Columbia, SC","geoLevel":"MSA","rank":71,"score":0.449616761928308,"customerCount":0,"inGeofence":false,"lat":34.091873,"lng":-81.039425,"countyID":null,"msaID":"17900","msaName":"Columbia, SC"},{"id":"17980","name":"Columbus, GA-AL","geoLevel":"MSA","rank":141,"score":0.3852078044743757,"customerCount":0,"inGeofence":false,"lat":32.417989,"lng":-84.842757,"countyID":null,"msaID":"17980","msaName":"Columbus, GA-AL"},{"id":"18020","name":"Columbus, IN","geoLevel":"MSA","rank":311,"score":0.2953153874227183,"customerCount":0,"inGeofence":false,"lat":39.206105,"lng":-85.897625,"countyID":null,"msaID":"18020","msaName":"Columbus, IN"},{"id":"18140","name":"Columbus, OH","geoLevel":"MSA","rank":36,"score":0.5779981994380041,"customerCount":0,"inGeofence":false,"lat":39.968202,"lng":-82.836839,"countyID":null,"msaID":"18140","msaName":"Columbus, OH"},{"id":"18580","name":"Corpus Christi, TX","geoLevel":"MSA","rank":96,"score":0.422728549371333,"customerCount":0,"inGeofence":false,"lat":27.852361,"lng":-97.575057,"countyID":null,"msaID":"18580","msaName":"Corpus Christi, TX"},{"id":"18700","name":"Corvallis, OR","geoLevel":"MSA","rank":236,"score":0.3351157232793515,"customerCount":0,"inGeofence":false,"lat":44.491623,"lng":-123.4297,"countyID":null,"msaID":"18700","msaName":"Corvallis, OR"},{"id":"18880","name":"Crestview-Fort Walton Beach-Destin, FL","geoLevel":"MSA","rank":59,"score":0.4685469889376453,"customerCount":0,"inGeofence":false,"lat":30.681968,"lng":-86.366129,"countyID":null,"msaID":"18880","msaName":"Crestview-Fort Walton Beach-Destin, FL"},{"id":"19060","name":"Cumberland, MD-WV","geoLevel":"MSA","rank":350,"score":0.2785803182745037,"customerCount":0,"inGeofence":false,"lat":39.531528,"lng":-78.805488,"countyID":null,"msaID":"19060","msaName":"Cumberland, MD-WV"},{"id":"19100","name":"Dallas-Fort Worth-Arlington, TX","geoLevel":"MSA","rank":18,"score":0.8309745297962201,"customerCount":0,"inGeofence":false,"lat":32.846343,"lng":-96.97875,"countyID":null,"msaID":"19100","msaName":"Dallas-Fort Worth-Arlington, TX"},{"id":"19140","name":"Dalton, GA","geoLevel":"MSA","rank":214,"score":0.3430746247291254,"customerCount":0,"inGeofence":false,"lat":34.79629,"lng":-84.848109,"countyID":null,"msaID":"19140","msaName":"Dalton, GA"},{"id":"19180","name":"Danville, IL","geoLevel":"MSA","rank":308,"score":0.2966263344993094,"customerCount":0,"inGeofence":false,"lat":40.183395,"lng":-87.732825,"countyID":null,"msaID":"19180","msaName":"Danville, IL"},{"id":"19300","name":"Daphne-Fairhope-Foley, AL","geoLevel":"MSA","rank":140,"score":0.3866914668174036,"customerCount":0,"inGeofence":false,"lat":30.734738,"lng":-87.720666,"countyID":null,"msaID":"19300","msaName":"Daphne-Fairhope-Foley, AL"},{"id":"19340","name":"Davenport-Moline-Rock Island, IA-IL","geoLevel":"MSA","rank":340,"score":0.2849430334054326,"customerCount":0,"inGeofence":false,"lat":41.395519,"lng":-90.462925,"countyID":null,"msaID":"19340","msaName":"Davenport-Moline-Rock Island, IA-IL"},{"id":"19430","name":"Dayton-Kettering, OH","geoLevel":"MSA","rank":174,"score":0.3699662260508254,"customerCount":0,"inGeofence":false,"lat":39.829509,"lng":-84.141933,"countyID":null,"msaID":"19430","msaName":"Dayton-Kettering, OH"},{"id":"19460","name":"Decatur, AL","geoLevel":"MSA","rank":247,"score":0.3321197918969685,"customerCount":0,"inGeofence":false,"lat":34.485094,"lng":-87.1024,"countyID":null,"msaID":"19460","msaName":"Decatur, AL"},{"id":"19500","name":"Decatur, IL","geoLevel":"MSA","rank":306,"score":0.2980765367300704,"customerCount":0,"inGeofence":false,"lat":39.86001,"lng":-88.961559,"countyID":null,"msaID":"19500","msaName":"Decatur, IL"},{"id":"19660","name":"Deltona-Daytona Beach-Ormond Beach, FL","geoLevel":"MSA","rank":69,"score":0.4538446485740533,"customerCount":0,"inGeofence":false,"lat":29.177592,"lng":-81.213297,"countyID":null,"msaID":"19660","msaName":"Deltona-Daytona Beach-Ormond Beach, FL"},{"id":"19740","name":"Denver-Aurora-Lakewood, CO","geoLevel":"MSA","rank":16,"score":0.8511901390636939,"customerCount":0,"inGeofence":false,"lat":39.43374,"lng":-104.894398,"countyID":null,"msaID":"19740","msaName":"Denver-Aurora-Lakewood, CO"},{"id":"19780","name":"Des Moines-West Des Moines, IA","geoLevel":"MSA","rank":167,"score":0.3722990994451237,"customerCount":0,"inGeofence":false,"lat":41.575718,"lng":-93.762093,"countyID":null,"msaID":"19780","msaName":"Des Moines-West Des Moines, IA"},{"id":"19820","name":"Detroit-Warren-Dearborn, MI","geoLevel":"MSA","rank":25,"score":0.7292890336320894,"customerCount":0,"inGeofence":false,"lat":42.722379,"lng":-83.236459,"countyID":null,"msaID":"19820","msaName":"Detroit-Warren-Dearborn, MI"},{"id":"20020","name":"Dothan, AL","geoLevel":"MSA","rank":185,"score":0.3638837940050024,"customerCount":0,"inGeofence":false,"lat":31.251667,"lng":-85.462439,"countyID":null,"msaID":"20020","msaName":"Dothan, AL"},{"id":"20100","name":"Dover, DE","geoLevel":"MSA","rank":208,"score":0.3470954453480271,"customerCount":0,"inGeofence":false,"lat":39.084558,"lng":-75.569672,"countyID":null,"msaID":"20100","msaName":"Dover, DE"},{"id":"20220","name":"Dubuque, IA","geoLevel":"MSA","rank":334,"score":0.2858505865118625,"customerCount":0,"inGeofence":false,"lat":42.467806,"lng":-90.885349,"countyID":null,"msaID":"20220","msaName":"Dubuque, IA"},{"id":"20260","name":"Duluth, MN-WI","geoLevel":"MSA","rank":392,"score":0.2365827395520401,"customerCount":0,"inGeofence":false,"lat":47.378701,"lng":-92.207511,"countyID":null,"msaID":"20260","msaName":"Duluth, MN-WI"},{"id":"20500","name":"Durham-Chapel Hill, NC","geoLevel":"MSA","rank":86,"score":0.4326716007923231,"customerCount":0,"inGeofence":false,"lat":36.065804,"lng":-78.99682,"countyID":null,"msaID":"20500","msaName":"Durham-Chapel Hill, NC"},{"id":"20700","name":"East Stroudsburg, PA","geoLevel":"MSA","rank":342,"score":0.2840724807125868,"customerCount":0,"inGeofence":false,"lat":41.058125,"lng":-75.339951,"countyID":null,"msaID":"20700","msaName":"East Stroudsburg, PA"},{"id":"20740","name":"Eau Claire, WI","geoLevel":"MSA","rank":343,"score":0.2840471849832792,"customerCount":0,"inGeofence":false,"lat":44.93789,"lng":-91.282118,"countyID":null,"msaID":"20740","msaName":"Eau Claire, WI"},{"id":"20940","name":"El Centro, CA","geoLevel":"MSA","rank":104,"score":0.4183037040455866,"customerCount":0,"inGeofence":false,"lat":33.022571,"lng":-115.336579,"countyID":null,"msaID":"20940","msaName":"El Centro, CA"},{"id":"21060","name":"Elizabethtown-Fort Knox, KY","geoLevel":"MSA","rank":278,"score":0.3143937368141754,"customerCount":0,"inGeofence":false,"lat":37.73277,"lng":-85.969774,"countyID":null,"msaID":"21060","msaName":"Elizabethtown-Fort Knox, KY"},{"id":"21140","name":"Elkhart-Goshen, IN","geoLevel":"MSA","rank":348,"score":0.2797215175415234,"customerCount":0,"inGeofence":false,"lat":41.596898,"lng":-85.858403,"countyID":null,"msaID":"21140","msaName":"Elkhart-Goshen, IN"},{"id":"21300","name":"Elmira, NY","geoLevel":"MSA","rank":347,"score":0.2806584788969758,"customerCount":0,"inGeofence":false,"lat":42.141701,"lng":-76.759909,"countyID":null,"msaID":"21300","msaName":"Elmira, NY"},{"id":"21340","name":"El Paso, TX","geoLevel":"MSA","rank":64,"score":0.4601133619579972,"customerCount":0,"inGeofence":false,"lat":31.513076,"lng":-105.541053,"countyID":null,"msaID":"21340","msaName":"El Paso, TX"},{"id":"21420","name":"Enid, OK","geoLevel":"MSA","rank":257,"score":0.323439545177917,"customerCount":0,"inGeofence":false,"lat":36.379079,"lng":-97.782713,"countyID":null,"msaID":"21420","msaName":"Enid, OK"},{"id":"21500","name":"Erie, PA","geoLevel":"MSA","rank":357,"score":0.2739494081980208,"customerCount":0,"inGeofence":false,"lat":41.991521,"lng":-80.032314,"countyID":null,"msaID":"21500","msaName":"Erie, PA"},{"id":"21660","name":"Eugene-Springfield, OR","geoLevel":"MSA","rank":189,"score":0.3584844446269046,"customerCount":0,"inGeofence":false,"lat":43.938633,"lng":-122.846999,"countyID":null,"msaID":"21660","msaName":"Eugene-Springfield, OR"},{"id":"21780","name":"Evansville, IN-KY","geoLevel":"MSA","rank":250,"score":0.3290676137769966,"customerCount":0,"inGeofence":false,"lat":37.972917,"lng":-87.576557,"countyID":null,"msaID":"21780","msaName":"Evansville, IN-KY"},{"id":"21820","name":"Fairbanks, AK","geoLevel":"MSA","rank":391,"score":0.2374406001508552,"customerCount":0,"inGeofence":false,"lat":64.810416,"lng":-146.556283,"countyID":null,"msaID":"21820","msaName":"Fairbanks, AK"},{"id":"22020","name":"Fargo, ND-MN","geoLevel":"MSA","rank":280,"score":0.3141291894622188,"customerCount":0,"inGeofence":false,"lat":46.917822,"lng":-96.965511,"countyID":null,"msaID":"22020","msaName":"Fargo, ND-MN"},{"id":"22140","name":"Farmington, NM","geoLevel":"MSA","rank":305,"score":0.2988190059210318,"customerCount":0,"inGeofence":false,"lat":36.507484,"lng":-108.322238,"countyID":null,"msaID":"22140","msaName":"Farmington, NM"},{"id":"22180","name":"Fayetteville, NC","geoLevel":"MSA","rank":150,"score":0.3821074016148898,"customerCount":0,"inGeofence":false,"lat":35.158004,"lng":-78.94018,"countyID":null,"msaID":"22180","msaName":"Fayetteville, NC"},{"id":"22220","name":"Fayetteville-Springdale-Rogers, AR","geoLevel":"MSA","rank":172,"score":0.3701662473560007,"customerCount":0,"inGeofence":false,"lat":36.10548,"lng":-94.077081,"countyID":null,"msaID":"22220","msaName":"Fayetteville-Springdale-Rogers, AR"},{"id":"22380","name":"Flagstaff, AZ","geoLevel":"MSA","rank":224,"score":0.3394703687947079,"customerCount":0,"inGeofence":false,"lat":35.837518,"lng":-111.770638,"countyID":null,"msaID":"22380","msaName":"Flagstaff, AZ"},{"id":"22420","name":"Flint, MI","geoLevel":"MSA","rank":297,"score":0.3062597801698173,"customerCount":0,"inGeofence":false,"lat":43.021605,"lng":-83.70656,"countyID":null,"msaID":"22420","msaName":"Flint, MI"},{"id":"22500","name":"Florence, SC","geoLevel":"MSA","rank":157,"score":0.3783828561658402,"customerCount":0,"inGeofence":false,"lat":34.151944,"lng":-79.809064,"countyID":null,"msaID":"22500","msaName":"Florence, SC"},{"id":"22520","name":"Florence-Muscle Shoals, AL","geoLevel":"MSA","rank":234,"score":0.33520797364653,"customerCount":0,"inGeofence":false,"lat":34.806683,"lng":-87.721427,"countyID":null,"msaID":"22520","msaName":"Florence-Muscle Shoals, AL"},{"id":"22540","name":"Fond du Lac, WI","geoLevel":"MSA","rank":355,"score":0.2760635704800901,"customerCount":0,"inGeofence":false,"lat":43.747304,"lng":-88.49274,"countyID":null,"msaID":"22540","msaName":"Fond du Lac, WI"},{"id":"22660","name":"Fort Collins, CO","geoLevel":"MSA","rank":321,"score":0.2912171774710538,"customerCount":0,"inGeofence":false,"lat":40.666421,"lng":-105.461145,"countyID":null,"msaID":"22660","msaName":"Fort Collins, CO"},{"id":"22900","name":"Fort Smith, AR-OK","geoLevel":"MSA","rank":242,"score":0.3337036149786906,"customerCount":0,"inGeofence":false,"lat":35.458325,"lng":-94.30254,"countyID":null,"msaID":"22900","msaName":"Fort Smith, AR-OK"},{"id":"23060","name":"Fort Wayne, IN","geoLevel":"MSA","rank":252,"score":0.3283339165484835,"customerCount":0,"inGeofence":false,"lat":41.107319,"lng":-85.215126,"countyID":null,"msaID":"23060","msaName":"Fort Wayne, IN"},{"id":"23420","name":"Fresno, CA","geoLevel":"MSA","rank":48,"score":0.4889058507575312,"customerCount":0,"inGeofence":false,"lat":36.758189,"lng":-119.649334,"countyID":null,"msaID":"23420","msaName":"Fresno, CA"},{"id":"23460","name":"Gadsden, AL","geoLevel":"MSA","rank":221,"score":0.3404261306005649,"customerCount":0,"inGeofence":false,"lat":34.047197,"lng":-86.035618,"countyID":null,"msaID":"23460","msaName":"Gadsden, AL"},{"id":"23540","name":"Gainesville, FL","geoLevel":"MSA","rank":55,"score":0.4730742293063235,"customerCount":0,"inGeofence":false,"lat":29.520271,"lng":-82.603406,"countyID":null,"msaID":"23540","msaName":"Gainesville, FL"},{"id":"23580","name":"Gainesville, GA","geoLevel":"MSA","rank":148,"score":0.3826517682057523,"customerCount":0,"inGeofence":false,"lat":34.320478,"lng":-83.810571,"countyID":null,"msaID":"23580","msaName":"Gainesville, GA"},{"id":"23900","name":"Gettysburg, PA","geoLevel":"MSA","rank":301,"score":0.3020455846304557,"customerCount":0,"inGeofence":false,"lat":39.871453,"lng":-77.217884,"countyID":null,"msaID":"23900","msaName":"Gettysburg, PA"},{"id":"24020","name":"Glens Falls, NY","geoLevel":"MSA","rank":300,"score":0.3023226575794205,"customerCount":0,"inGeofence":false,"lat":43.439304,"lng":-73.651019,"countyID":null,"msaID":"24020","msaName":"Glens Falls, NY"},{"id":"24140","name":"Goldsboro, NC","geoLevel":"MSA","rank":124,"score":0.400029407683817,"customerCount":0,"inGeofence":false,"lat":35.36396,"lng":-78.004004,"countyID":null,"msaID":"24140","msaName":"Goldsboro, NC"},{"id":"24220","name":"Grand Forks, ND-MN","geoLevel":"MSA","rank":323,"score":0.2910045820202875,"customerCount":0,"inGeofence":false,"lat":47.835969,"lng":-96.844398,"countyID":null,"msaID":"24220","msaName":"Grand Forks, ND-MN"},{"id":"24260","name":"Grand Island, NE","geoLevel":"MSA","rank":339,"score":0.2853895928820903,"customerCount":0,"inGeofence":false,"lat":41.087003,"lng":-98.366789,"countyID":null,"msaID":"24260","msaName":"Grand Island, NE"},{"id":"24300","name":"Grand Junction, CO","geoLevel":"MSA","rank":312,"score":0.2942396510957315,"customerCount":0,"inGeofence":false,"lat":39.018191,"lng":-108.466058,"countyID":null,"msaID":"24300","msaName":"Grand Junction, CO"},{"id":"24340","name":"Grand Rapids-Kentwood, MI","geoLevel":"MSA","rank":216,"score":0.3415591465833507,"customerCount":0,"inGeofence":false,"lat":43.072865,"lng":-85.436399,"countyID":null,"msaID":"24340","msaName":"Grand Rapids-Kentwood, MI"},{"id":"24420","name":"Grants Pass, OR","geoLevel":"MSA","rank":292,"score":0.3098095980403647,"customerCount":0,"inGeofence":false,"lat":42.365496,"lng":-123.55551,"countyID":null,"msaID":"24420","msaName":"Grants Pass, OR"},{"id":"24500","name":"Great Falls, MT","geoLevel":"MSA","rank":335,"score":0.2858406087240203,"customerCount":0,"inGeofence":false,"lat":47.307546,"lng":-111.346704,"countyID":null,"msaID":"24500","msaName":"Great Falls, MT"},{"id":"24540","name":"Greeley, CO","geoLevel":"MSA","rank":322,"score":0.29113452352399,"customerCount":0,"inGeofence":false,"lat":40.554835,"lng":-104.392538,"countyID":null,"msaID":"24540","msaName":"Greeley, CO"},{"id":"24580","name":"Green Bay, WI","geoLevel":"MSA","rank":378,"score":0.2574744355266229,"customerCount":0,"inGeofence":false,"lat":44.773814,"lng":-88.07687,"countyID":null,"msaID":"24580","msaName":"Green Bay, WI"},{"id":"24660","name":"Greensboro-High Point, NC","geoLevel":"MSA","rank":57,"score":0.4698398203708025,"customerCount":0,"inGeofence":false,"lat":36.02555,"lng":-79.791648,"countyID":null,"msaID":"24660","msaName":"Greensboro-High Point, NC"},{"id":"24780","name":"Greenville, NC","geoLevel":"MSA","rank":130,"score":0.3916272228735369,"customerCount":0,"inGeofence":false,"lat":35.593299,"lng":-77.374783,"countyID":null,"msaID":"24780","msaName":"Greenville, NC"},{"id":"24860","name":"Greenville-Anderson, SC","geoLevel":"MSA","rank":133,"score":0.3905880103458152,"customerCount":0,"inGeofence":false,"lat":34.687329,"lng":-82.406509,"countyID":null,"msaID":"24860","msaName":"Greenville-Anderson, SC"},{"id":"25020","name":"Guayama, PR","geoLevel":"MSA","rank":266,"score":0.3188342659145262,"customerCount":0,"inGeofence":false,"lat":18.015493,"lng":-66.079828,"countyID":null,"msaID":"25020","msaName":"Guayama, PR"},{"id":"25060","name":"Gulfport-Biloxi, MS","geoLevel":"MSA","rank":118,"score":0.4048196531701467,"customerCount":0,"inGeofence":false,"lat":30.558837,"lng":-89.040247,"countyID":null,"msaID":"25060","msaName":"Gulfport-Biloxi, MS"},{"id":"25180","name":"Hagerstown-Martinsburg, MD-WV","geoLevel":"MSA","rank":259,"score":0.3223013535692689,"customerCount":0,"inGeofence":false,"lat":39.550087,"lng":-77.982194,"countyID":null,"msaID":"25180","msaName":"Hagerstown-Martinsburg, MD-WV"},{"id":"25220","name":"Hammond, LA","geoLevel":"MSA","rank":171,"score":0.3710248846207505,"customerCount":0,"inGeofence":false,"lat":30.646275,"lng":-90.411842,"countyID":null,"msaID":"25220","msaName":"Hammond, LA"},{"id":"25260","name":"Hanford-Corcoran, CA","geoLevel":"MSA","rank":158,"score":0.3772796539482079,"customerCount":0,"inGeofence":false,"lat":36.075236,"lng":-119.815483,"countyID":null,"msaID":"25260","msaName":"Hanford-Corcoran, CA"},{"id":"25420","name":"Harrisburg-Carlisle, PA","geoLevel":"MSA","rank":227,"score":0.3387992184633136,"customerCount":0,"inGeofence":false,"lat":40.326116,"lng":-77.105,"countyID":null,"msaID":"25420","msaName":"Harrisburg-Carlisle, PA"},{"id":"25500","name":"Harrisonburg, VA","geoLevel":"MSA","rank":191,"score":0.3561781908337457,"customerCount":0,"inGeofence":false,"lat":38.510795,"lng":-78.875863,"countyID":null,"msaID":"25500","msaName":"Harrisonburg, VA"},{"id":"25540","name":"Hartford-East Hartford-Middletown, CT","geoLevel":"MSA","rank":127,"score":0.3926585495312393,"customerCount":0,"inGeofence":false,"lat":41.736188,"lng":-72.577603,"countyID":null,"msaID":"25540","msaName":"Hartford-East Hartford-Middletown, CT"},{"id":"25620","name":"Hattiesburg, MS","geoLevel":"MSA","rank":155,"score":0.3792754548919432,"customerCount":0,"inGeofence":false,"lat":31.278681,"lng":-89.295312,"countyID":null,"msaID":"25620","msaName":"Hattiesburg, MS"},{"id":"25860","name":"Hickory-Lenoir-Morganton, NC","geoLevel":"MSA","rank":229,"score":0.3369961141485143,"customerCount":0,"inGeofence":false,"lat":35.81422,"lng":-81.457832,"countyID":null,"msaID":"25860","msaName":"Hickory-Lenoir-Morganton, NC"},{"id":"25940","name":"Hilton Head Island-Bluffton, SC","geoLevel":"MSA","rank":115,"score":0.4081309699608268,"customerCount":0,"inGeofence":false,"lat":32.415262,"lng":-80.895595,"countyID":null,"msaID":"25940","msaName":"Hilton Head Island-Bluffton, SC"},{"id":"25980","name":"Hinesville, GA","geoLevel":"MSA","rank":190,"score":0.3579535316207488,"customerCount":0,"inGeofence":false,"lat":31.798844,"lng":-81.610107,"countyID":null,"msaID":"25980","msaName":"Hinesville, GA"},{"id":"26140","name":"Homosassa Springs, FL","geoLevel":"MSA","rank":106,"score":0.4152751384405933,"customerCount":0,"inGeofence":false,"lat":28.850067,"lng":-82.474915,"countyID":null,"msaID":"26140","msaName":"Homosassa Springs, FL"},{"id":"26300","name":"Hot Springs, AR","geoLevel":"MSA","rank":213,"score":0.3433384982397744,"customerCount":0,"inGeofence":false,"lat":34.57477,"lng":-93.140842,"countyID":null,"msaID":"26300","msaName":"Hot Springs, AR"},{"id":"26380","name":"Houma-Thibodaux, LA","geoLevel":"MSA","rank":153,"score":0.3805790046012265,"customerCount":0,"inGeofence":false,"lat":29.498589,"lng":-90.676629,"countyID":null,"msaID":"26380","msaName":"Houma-Thibodaux, LA"},{"id":"26420","name":"Houston-The Woodlands-Sugar Land, TX","geoLevel":"MSA","rank":21,"score":0.8076308663816909,"customerCount":0,"inGeofence":false,"lat":29.790924,"lng":-95.405389,"countyID":null,"msaID":"26420","msaName":"Houston-The Woodlands-Sugar Land, TX"},{"id":"26580","name":"Huntington-Ashland, WV-KY-OH","geoLevel":"MSA","rank":296,"score":0.3072133806912262,"customerCount":0,"inGeofence":false,"lat":38.405529,"lng":-82.541242,"countyID":null,"msaID":"26580","msaName":"Huntington-Ashland, WV-KY-OH"},{"id":"26620","name":"Huntsville, AL","geoLevel":"MSA","rank":101,"score":0.4190474109291548,"customerCount":0,"inGeofence":false,"lat":34.786628,"lng":-86.726288,"countyID":null,"msaID":"26620","msaName":"Huntsville, AL"},{"id":"26820","name":"Idaho Falls, ID","geoLevel":"MSA","rank":382,"score":0.2541922576172745,"customerCount":0,"inGeofence":false,"lat":43.624219,"lng":-112.433735,"countyID":null,"msaID":"26820","msaName":"Idaho Falls, ID"},{"id":"26900","name":"Indianapolis-Carmel-Anderson, IN","geoLevel":"MSA","rank":66,"score":0.4583261089761251,"customerCount":0,"inGeofence":false,"lat":39.747434,"lng":-86.206143,"countyID":null,"msaID":"26900","msaName":"Indianapolis-Carmel-Anderson, IN"},{"id":"26980","name":"Iowa City, IA","geoLevel":"MSA","rank":163,"score":0.3756457118674285,"customerCount":0,"inGeofence":false,"lat":41.511329,"lng":-91.650176,"countyID":null,"msaID":"26980","msaName":"Iowa City, IA"},{"id":"27060","name":"Ithaca, NY","geoLevel":"MSA","rank":265,"score":0.318865176464987,"customerCount":0,"inGeofence":false,"lat":42.449294,"lng":-76.470669,"countyID":null,"msaID":"27060","msaName":"Ithaca, NY"},{"id":"27100","name":"Jackson, MI","geoLevel":"MSA","rank":375,"score":0.2591648627794385,"customerCount":0,"inGeofence":false,"lat":42.248499,"lng":-84.423436,"countyID":null,"msaID":"27100","msaName":"Jackson, MI"},{"id":"27140","name":"Jackson, MS","geoLevel":"MSA","rank":103,"score":0.4185949755419207,"customerCount":0,"inGeofence":false,"lat":32.429581,"lng":-90.203722,"countyID":null,"msaID":"27140","msaName":"Jackson, MS"},{"id":"27180","name":"Jackson, TN","geoLevel":"MSA","rank":253,"score":0.3277198979774825,"customerCount":0,"inGeofence":false,"lat":35.746293,"lng":-88.881069,"countyID":null,"msaID":"27180","msaName":"Jackson, TN"},{"id":"27260","name":"Jacksonville, FL","geoLevel":"MSA","rank":28,"score":0.6493652056318246,"customerCount":0,"inGeofence":false,"lat":30.239048,"lng":-81.805242,"countyID":null,"msaID":"27260","msaName":"Jacksonville, FL"},{"id":"27340","name":"Jacksonville, NC","geoLevel":"MSA","rank":173,"score":0.3700220297364489,"customerCount":0,"inGeofence":false,"lat":34.737707,"lng":-77.433976,"countyID":null,"msaID":"27340","msaName":"Jacksonville, NC"},{"id":"27500","name":"Janesville-Beloit, WI","geoLevel":"MSA","rank":367,"score":0.268609999016057,"customerCount":0,"inGeofence":false,"lat":42.67083,"lng":-89.071729,"countyID":null,"msaID":"27500","msaName":"Janesville-Beloit, WI"},{"id":"27620","name":"Jefferson City, MO","geoLevel":"MSA","rank":282,"score":0.3132750251890861,"customerCount":0,"inGeofence":false,"lat":38.640229,"lng":-92.092119,"countyID":null,"msaID":"27620","msaName":"Jefferson City, MO"},{"id":"27740","name":"Johnson City, TN","geoLevel":"MSA","rank":264,"score":0.3188682064836292,"customerCount":0,"inGeofence":false,"lat":36.252788,"lng":-82.336223,"countyID":null,"msaID":"27740","msaName":"Johnson City, TN"},{"id":"27780","name":"Johnstown, PA","geoLevel":"MSA","rank":377,"score":0.2582059965295923,"customerCount":0,"inGeofence":false,"lat":40.495445,"lng":-78.71325,"countyID":null,"msaID":"27780","msaName":"Johnstown, PA"},{"id":"27860","name":"Jonesboro, AR","geoLevel":"MSA","rank":228,"score":0.3378584525259752,"customerCount":0,"inGeofence":false,"lat":35.698279,"lng":-90.648429,"countyID":null,"msaID":"27860","msaName":"Jonesboro, AR"},{"id":"27900","name":"Joplin, MO","geoLevel":"MSA","rank":262,"score":0.3210063272713405,"customerCount":0,"inGeofence":false,"lat":37.056555,"lng":-94.339946,"countyID":null,"msaID":"27900","msaName":"Joplin, MO"},{"id":"27980","name":"Kahului-Wailuku-Lahaina, HI","geoLevel":"MSA","rank":37,"score":0.5453897393148673,"customerCount":0,"inGeofence":false,"lat":20.859634,"lng":-156.564976,"countyID":null,"msaID":"27980","msaName":"Kahului-Wailuku-Lahaina, HI"},{"id":"28020","name":"Kalamazoo-Portage, MI","geoLevel":"MSA","rank":344,"score":0.2840275645568036,"customerCount":0,"inGeofence":false,"lat":42.245376,"lng":-85.531155,"countyID":null,"msaID":"28020","msaName":"Kalamazoo-Portage, MI"},{"id":"28100","name":"Kankakee, IL","geoLevel":"MSA","rank":328,"score":0.2886235989352706,"customerCount":0,"inGeofence":false,"lat":41.137679,"lng":-87.861724,"countyID":null,"msaID":"28100","msaName":"Kankakee, IL"},{"id":"28140","name":"Kansas City, MO-KS","geoLevel":"MSA","rank":30,"score":0.6039822544294592,"customerCount":0,"inGeofence":false,"lat":38.937077,"lng":-94.44441,"countyID":null,"msaID":"28140","msaName":"Kansas City, MO-KS"},{"id":"28420","name":"Kennewick-Richland, WA","geoLevel":"MSA","rank":287,"score":0.3118761005270945,"customerCount":0,"inGeofence":false,"lat":46.36842,"lng":-119.253782,"countyID":null,"msaID":"28420","msaName":"Kennewick-Richland, WA"},{"id":"28660","name":"Killeen-Temple, TX","geoLevel":"MSA","rank":126,"score":0.3943738620480074,"customerCount":0,"inGeofence":false,"lat":31.207971,"lng":-97.789806,"countyID":null,"msaID":"28660","msaName":"Killeen-Temple, TX"},{"id":"28700","name":"Kingsport-Bristol, TN-VA","geoLevel":"MSA","rank":275,"score":0.315628981227585,"customerCount":0,"inGeofence":false,"lat":36.609532,"lng":-82.439265,"countyID":null,"msaID":"28700","msaName":"Kingsport-Bristol, TN-VA"},{"id":"28740","name":"Kingston, NY","geoLevel":"MSA","rank":331,"score":0.2875283693196999,"customerCount":0,"inGeofence":false,"lat":41.888411,"lng":-74.262479,"countyID":null,"msaID":"28740","msaName":"Kingston, NY"},{"id":"28940","name":"Knoxville, TN","geoLevel":"MSA","rank":111,"score":0.4133044998039578,"customerCount":0,"inGeofence":false,"lat":36.024827,"lng":-84.19447,"countyID":null,"msaID":"28940","msaName":"Knoxville, TN"},{"id":"29020","name":"Kokomo, IN","geoLevel":"MSA","rank":349,"score":0.279651613844145,"customerCount":0,"inGeofence":false,"lat":40.483586,"lng":-86.116937,"countyID":null,"msaID":"29020","msaName":"Kokomo, IN"},{"id":"29100","name":"La Crosse-Onalaska, WI-MN","geoLevel":"MSA","rank":373,"score":0.2605769231361518,"customerCount":0,"inGeofence":false,"lat":43.777842,"lng":-91.320663,"countyID":null,"msaID":"29100","msaName":"La Crosse-Onalaska, WI-MN"},{"id":"29180","name":"Lafayette, LA","geoLevel":"MSA","rank":73,"score":0.4488449343715815,"customerCount":0,"inGeofence":false,"lat":30.03289,"lng":-92.06096,"countyID":null,"msaID":"29180","msaName":"Lafayette, LA"},{"id":"29200","name":"Lafayette-West Lafayette, IN","geoLevel":"MSA","rank":276,"score":0.3148072194629953,"customerCount":0,"inGeofence":false,"lat":40.47735,"lng":-87.023682,"countyID":null,"msaID":"29200","msaName":"Lafayette-West Lafayette, IN"},{"id":"29340","name":"Lake Charles, LA","geoLevel":"MSA","rank":132,"score":0.3907515163578906,"customerCount":0,"inGeofence":false,"lat":30.027435,"lng":-93.261563,"countyID":null,"msaID":"29340","msaName":"Lake Charles, LA"},{"id":"29420","name":"Lake Havasu City-Kingman, AZ","geoLevel":"MSA","rank":176,"score":0.3687092545648905,"customerCount":0,"inGeofence":false,"lat":35.704152,"lng":-113.752154,"countyID":null,"msaID":"29420","msaName":"Lake Havasu City-Kingman, AZ"},{"id":"29460","name":"Lakeland-Winter Haven, FL","geoLevel":"MSA","rank":88,"score":0.4288500985538245,"customerCount":0,"inGeofence":false,"lat":27.948982,"lng":-81.698382,"countyID":null,"msaID":"29460","msaName":"Lakeland-Winter Haven, FL"},{"id":"29540","name":"Lancaster, PA","geoLevel":"MSA","rank":201,"score":0.3498788242180833,"customerCount":0,"inGeofence":false,"lat":40.046039,"lng":-76.241668,"countyID":null,"msaID":"29540","msaName":"Lancaster, PA"},{"id":"29620","name":"Lansing-East Lansing, MI","geoLevel":"MSA","rank":180,"score":0.3646686949129774,"customerCount":0,"inGeofence":false,"lat":42.771079,"lng":-84.496186,"countyID":null,"msaID":"29620","msaName":"Lansing-East Lansing, MI"},{"id":"29700","name":"Laredo, TX","geoLevel":"MSA","rank":81,"score":0.440917729954568,"customerCount":0,"inGeofence":false,"lat":27.761135,"lng":-99.331147,"countyID":null,"msaID":"29700","msaName":"Laredo, TX"},{"id":"29740","name":"Las Cruces, NM","geoLevel":"MSA","rank":162,"score":0.3763686651859964,"customerCount":0,"inGeofence":false,"lat":32.35266,"lng":-106.832735,"countyID":null,"msaID":"29740","msaName":"Las Cruces, NM"},{"id":"29820","name":"Las Vegas-Henderson-Paradise, NV","geoLevel":"MSA","rank":10,"score":0.9169337639784895,"customerCount":0,"inGeofence":false,"lat":36.217322,"lng":-115.024727,"countyID":null,"msaID":"29820","msaName":"Las Vegas-Henderson-Paradise, NV"},{"id":"29940","name":"Lawrence, KS","geoLevel":"MSA","rank":205,"score":0.3484200329487239,"customerCount":0,"inGeofence":false,"lat":38.883896,"lng":-95.292909,"countyID":null,"msaID":"29940","msaName":"Lawrence, KS"},{"id":"30020","name":"Lawton, OK","geoLevel":"MSA","rank":200,"score":0.350299893742992,"customerCount":0,"inGeofence":false,"lat":34.524557,"lng":-98.43495,"countyID":null,"msaID":"30020","msaName":"Lawton, OK"},{"id":"30140","name":"Lebanon, PA","geoLevel":"MSA","rank":302,"score":0.3013700269071173,"customerCount":0,"inGeofence":false,"lat":40.367237,"lng":-76.45771,"countyID":null,"msaID":"30140","msaName":"Lebanon, PA"},{"id":"30300","name":"Lewiston, ID-WA","geoLevel":"MSA","rank":329,"score":0.2886112484614148,"customerCount":0,"inGeofence":false,"lat":46.268859,"lng":-116.943989,"countyID":null,"msaID":"30300","msaName":"Lewiston, ID-WA"},{"id":"30340","name":"Lewiston-Auburn, ME","geoLevel":"MSA","rank":374,"score":0.2594512424256547,"customerCount":0,"inGeofence":false,"lat":44.164612,"lng":-70.207281,"countyID":null,"msaID":"30340","msaName":"Lewiston-Auburn, ME"},{"id":"30460","name":"Lexington-Fayette, KY","geoLevel":"MSA","rank":169,"score":0.3716399545294655,"customerCount":0,"inGeofence":false,"lat":38.090919,"lng":-84.432826,"countyID":null,"msaID":"30460","msaName":"Lexington-Fayette, KY"},{"id":"30620","name":"Lima, OH","geoLevel":"MSA","rank":346,"score":0.2807511417884321,"customerCount":0,"inGeofence":false,"lat":40.771531,"lng":-84.105782,"countyID":null,"msaID":"30620","msaName":"Lima, OH"},{"id":"30700","name":"Lincoln, NE","geoLevel":"MSA","rank":235,"score":0.3351594101507753,"customerCount":0,"inGeofence":false,"lat":40.819923,"lng":-96.870786,"countyID":null,"msaID":"30700","msaName":"Lincoln, NE"},{"id":"30780","name":"Little Rock-North Little Rock-Conway, AR","geoLevel":"MSA","rank":113,"score":0.4110598154247554,"customerCount":0,"inGeofence":false,"lat":34.756519,"lng":-92.39692,"countyID":null,"msaID":"30780","msaName":"Little Rock-North Little Rock-Conway, AR"},{"id":"30860","name":"Logan, UT-ID","geoLevel":"MSA","rank":379,"score":0.2564684255472673,"customerCount":0,"inGeofence":false,"lat":41.889573,"lng":-111.768989,"countyID":null,"msaID":"30860","msaName":"Logan, UT-ID"},{"id":"30980","name":"Longview, TX","geoLevel":"MSA","rank":192,"score":0.3556593442176444,"customerCount":0,"inGeofence":false,"lat":32.429762,"lng":-94.677106,"countyID":null,"msaID":"30980","msaName":"Longview, TX"},{"id":"31020","name":"Longview, WA","geoLevel":"MSA","rank":304,"score":0.2993501247320112,"customerCount":0,"inGeofence":false,"lat":46.195148,"lng":-122.678483,"countyID":null,"msaID":"31020","msaName":"Longview, WA"},{"id":"31080","name":"Los Angeles-Long Beach-Anaheim, CA","geoLevel":"MSA","rank":2,"score":0.9991369726558718,"customerCount":0,"inGeofence":false,"lat":34.223031,"lng":-118.14931,"countyID":null,"msaID":"31080","msaName":"Los Angeles-Long Beach-Anaheim, CA"},{"id":"31140","name":"Louisville/Jefferson County, KY-IN","geoLevel":"MSA","rank":92,"score":0.4273568897194729,"customerCount":0,"inGeofence":false,"lat":38.303141,"lng":-85.682205,"countyID":null,"msaID":"31140","msaName":"Louisville/Jefferson County, KY-IN"},{"id":"31180","name":"Lubbock, TX","geoLevel":"MSA","rank":79,"score":0.4428233712429737,"customerCount":0,"inGeofence":false,"lat":33.468529,"lng":-101.644695,"countyID":null,"msaID":"31180","msaName":"Lubbock, TX"},{"id":"31340","name":"Lynchburg, VA","geoLevel":"MSA","rank":238,"score":0.3346568192793632,"customerCount":0,"inGeofence":false,"lat":37.366685,"lng":-79.217523,"countyID":null,"msaID":"31340","msaName":"Lynchburg, VA"},{"id":"31420","name":"Macon-Bibb County, GA","geoLevel":"MSA","rank":151,"score":0.3810394285753388,"customerCount":0,"inGeofence":false,"lat":32.85781,"lng":-83.714891,"countyID":null,"msaID":"31420","msaName":"Macon-Bibb County, GA"},{"id":"31460","name":"Madera, CA","geoLevel":"MSA","rank":197,"score":0.3527124066231626,"customerCount":0,"inGeofence":false,"lat":37.21805,"lng":-119.762659,"countyID":null,"msaID":"31460","msaName":"Madera, CA"},{"id":"31540","name":"Madison, WI","geoLevel":"MSA","rank":122,"score":0.4010912616309239,"customerCount":0,"inGeofence":false,"lat":43.078274,"lng":-89.593986,"countyID":null,"msaID":"31540","msaName":"Madison, WI"},{"id":"31700","name":"Manchester-Nashua, NH","geoLevel":"MSA","rank":315,"score":0.2926854329806223,"customerCount":0,"inGeofence":false,"lat":42.915427,"lng":-71.716761,"countyID":null,"msaID":"31700","msaName":"Manchester-Nashua, NH"},{"id":"31740","name":"Manhattan, KS","geoLevel":"MSA","rank":249,"score":0.3293437324317005,"customerCount":0,"inGeofence":false,"lat":39.271793,"lng":-96.554706,"countyID":null,"msaID":"31740","msaName":"Manhattan, KS"},{"id":"31860","name":"Mankato, MN","geoLevel":"MSA","rank":313,"score":0.2938202189640313,"customerCount":0,"inGeofence":false,"lat":44.154553,"lng":-94.135679,"countyID":null,"msaID":"31860","msaName":"Mankato, MN"},{"id":"31900","name":"Mansfield, OH","geoLevel":"MSA","rank":365,"score":0.2691026194336355,"customerCount":0,"inGeofence":false,"lat":40.774705,"lng":-82.536491,"countyID":null,"msaID":"31900","msaName":"Mansfield, OH"},{"id":"32420","name":"Mayagez, PR","geoLevel":"MSA","rank":267,"score":0.3187974099040957,"customerCount":0,"inGeofence":false,"lat":18.193126,"lng":-67.195198,"countyID":null,"msaID":"32420","msaName":"Mayagez, PR"},{"id":"32580","name":"McAllen-Edinburg-Mission, TX","geoLevel":"MSA","rank":84,"score":0.4372001472683804,"customerCount":0,"inGeofence":false,"lat":26.39672,"lng":-98.181088,"countyID":null,"msaID":"32580","msaName":"McAllen-Edinburg-Mission, TX"},{"id":"32780","name":"Medford, OR","geoLevel":"MSA","rank":293,"score":0.3096984817175606,"customerCount":0,"inGeofence":false,"lat":42.43217,"lng":-122.728528,"countyID":null,"msaID":"32780","msaName":"Medford, OR"},{"id":"32820","name":"Memphis, TN-MS-AR","geoLevel":"MSA","rank":56,"score":0.4727007379650192,"customerCount":0,"inGeofence":false,"lat":35.023308,"lng":-89.863443,"countyID":null,"msaID":"32820","msaName":"Memphis, TN-MS-AR"},{"id":"32900","name":"Merced, CA","geoLevel":"MSA","rank":74,"score":0.4475295924862567,"customerCount":0,"inGeofence":false,"lat":37.193166,"lng":-120.713458,"countyID":null,"msaID":"32900","msaName":"Merced, CA"},{"id":"33100","name":"Miami-Fort Lauderdale-Pompano Beach, FL","geoLevel":"MSA","rank":4,"score":0.9685707006088687,"customerCount":0,"inGeofence":false,"lat":26.128292,"lng":-80.498269,"countyID":null,"msaID":"33100","msaName":"Miami-Fort Lauderdale-Pompano Beach, FL"},{"id":"33140","name":"Michigan City-La Porte, IN","geoLevel":"MSA","rank":376,"score":0.2586477157066546,"customerCount":0,"inGeofence":false,"lat":41.545965,"lng":-86.739947,"countyID":null,"msaID":"33140","msaName":"Michigan City-La Porte, IN"},{"id":"33220","name":"Midland, MI","geoLevel":"MSA","rank":390,"score":0.2410141846676225,"customerCount":0,"inGeofence":false,"lat":43.646906,"lng":-84.388192,"countyID":null,"msaID":"33220","msaName":"Midland, MI"},{"id":"33260","name":"Midland, TX","geoLevel":"MSA","rank":183,"score":0.3644520121420307,"customerCount":0,"inGeofence":false,"lat":32.089768,"lng":-101.991025,"countyID":null,"msaID":"33260","msaName":"Midland, TX"},{"id":"33340","name":"Milwaukee-Waukesha, WI","geoLevel":"MSA","rank":94,"score":0.4233268219229244,"customerCount":0,"inGeofence":false,"lat":43.176586,"lng":-88.172677,"countyID":null,"msaID":"33340","msaName":"Milwaukee-Waukesha, WI"},{"id":"33460","name":"Minneapolis-St. Paul-Bloomington, MN-WI","geoLevel":"MSA","rank":44,"score":0.5115250768855716,"customerCount":0,"inGeofence":false,"lat":45.090495,"lng":-93.272421,"countyID":null,"msaID":"33460","msaName":"Minneapolis-St. Paul-Bloomington, MN-WI"},{"id":"33540","name":"Missoula, MT","geoLevel":"MSA","rank":384,"score":0.2500168741978265,"customerCount":0,"inGeofence":false,"lat":47.036799,"lng":-113.923837,"countyID":null,"msaID":"33540","msaName":"Missoula, MT"},{"id":"33660","name":"Mobile, AL","geoLevel":"MSA","rank":85,"score":0.4361114949345627,"customerCount":0,"inGeofence":false,"lat":31.078662,"lng":-88.208986,"countyID":null,"msaID":"33660","msaName":"Mobile, AL"},{"id":"33700","name":"Modesto, CA","geoLevel":"MSA","rank":147,"score":0.3830194529332565,"customerCount":0,"inGeofence":false,"lat":37.559015,"lng":-120.997803,"countyID":null,"msaID":"33700","msaName":"Modesto, CA"},{"id":"33740","name":"Monroe, LA","geoLevel":"MSA","rank":135,"score":0.3895056026421685,"customerCount":0,"inGeofence":false,"lat":32.733517,"lng":-92.115555,"countyID":null,"msaID":"33740","msaName":"Monroe, LA"},{"id":"33780","name":"Monroe, MI","geoLevel":"MSA","rank":385,"score":0.2499485614111639,"customerCount":0,"inGeofence":false,"lat":41.929686,"lng":-83.540638,"countyID":null,"msaID":"33780","msaName":"Monroe, MI"},{"id":"33860","name":"Montgomery, AL","geoLevel":"MSA","rank":193,"score":0.3544536715391344,"customerCount":0,"inGeofence":false,"lat":32.356958,"lng":-86.405765,"countyID":null,"msaID":"33860","msaName":"Montgomery, AL"},{"id":"34060","name":"Morgantown, WV","geoLevel":"MSA","rank":298,"score":0.3047562385056636,"customerCount":0,"inGeofence":false,"lat":39.526922,"lng":-79.804126,"countyID":null,"msaID":"34060","msaName":"Morgantown, WV"},{"id":"34100","name":"Morristown, TN","geoLevel":"MSA","rank":274,"score":0.3163312043336812,"customerCount":0,"inGeofence":false,"lat":36.179008,"lng":-83.434757,"countyID":null,"msaID":"34100","msaName":"Morristown, TN"},{"id":"34580","name":"Mount Vernon-Anacortes, WA","geoLevel":"MSA","rank":324,"score":0.2903398859604294,"customerCount":0,"inGeofence":false,"lat":48.479477,"lng":-121.726159,"countyID":null,"msaID":"34580","msaName":"Mount Vernon-Anacortes, WA"},{"id":"34620","name":"Muncie, IN","geoLevel":"MSA","rank":326,"score":0.2900560701708148,"customerCount":0,"inGeofence":false,"lat":40.227539,"lng":-85.396908,"countyID":null,"msaID":"34620","msaName":"Muncie, IN"},{"id":"34740","name":"Muskegon, MI","geoLevel":"MSA","rank":387,"score":0.2477536141835057,"customerCount":0,"inGeofence":false,"lat":43.291441,"lng":-86.148036,"countyID":null,"msaID":"34740","msaName":"Muskegon, MI"},{"id":"34820","name":"Myrtle Beach-Conway-North Myrtle Beach, SC-NC","geoLevel":"MSA","rank":67,"score":0.4570627284441735,"customerCount":0,"inGeofence":false,"lat":33.988057,"lng":-78.674312,"countyID":null,"msaID":"34820","msaName":"Myrtle Beach-Conway-North Myrtle Beach, SC-NC"},{"id":"34900","name":"Napa, CA","geoLevel":"MSA","rank":45,"score":0.5104576181253819,"customerCount":0,"inGeofence":false,"lat":38.504647,"lng":-122.334598,"countyID":null,"msaID":"34900","msaName":"Napa, CA"},{"id":"34940","name":"Naples-Marco Island, FL","geoLevel":"MSA","rank":52,"score":0.4781041522981287,"customerCount":0,"inGeofence":false,"lat":26.118149,"lng":-81.338429,"countyID":null,"msaID":"34940","msaName":"Naples-Marco Island, FL"},{"id":"34980","name":"Nashville-Davidson--Murfreesboro--Franklin, TN","geoLevel":"MSA","rank":22,"score":0.7922432011094626,"customerCount":0,"inGeofence":false,"lat":36.118025,"lng":-86.64728,"countyID":null,"msaID":"34980","msaName":"Nashville-Davidson--Murfreesboro--Franklin, TN"},{"id":"35100","name":"New Bern, NC","geoLevel":"MSA","rank":170,"score":0.3710320007908305,"customerCount":0,"inGeofence":false,"lat":35.097399,"lng":-77.09887,"countyID":null,"msaID":"35100","msaName":"New Bern, NC"},{"id":"35300","name":"New Haven-Milford, CT","geoLevel":"MSA","rank":165,"score":0.3737886371278328,"customerCount":0,"inGeofence":false,"lat":41.411613,"lng":-72.931433,"countyID":null,"msaID":"35300","msaName":"New Haven-Milford, CT"},{"id":"35380","name":"New Orleans-Metairie, LA","geoLevel":"MSA","rank":24,"score":0.7789274632211171,"customerCount":0,"inGeofence":false,"lat":29.948249,"lng":-89.981606,"countyID":null,"msaID":"35380","msaName":"New Orleans-Metairie, LA"},{"id":"35620","name":"New York-Newark-Jersey City, NY-NJ-PA","geoLevel":"MSA","rank":1,"score":0.9999431133517869,"customerCount":0,"inGeofence":false,"lat":40.783733,"lng":-74.148999,"countyID":null,"msaID":"35620","msaName":"New York-Newark-Jersey City, NY-NJ-PA"},{"id":"35660","name":"Niles, MI","geoLevel":"MSA","rank":372,"score":0.2630449762467876,"customerCount":0,"inGeofence":false,"lat":41.953917,"lng":-86.413182,"countyID":null,"msaID":"35660","msaName":"Niles, MI"},{"id":"35840","name":"North Port-Sarasota-Bradenton, FL","geoLevel":"MSA","rank":46,"score":0.499891181713179,"customerCount":0,"inGeofence":false,"lat":27.34572,"lng":-82.30796,"countyID":null,"msaID":"35840","msaName":"North Port-Sarasota-Bradenton, FL"},{"id":"35980","name":"Norwich-New London, CT","geoLevel":"MSA","rank":270,"score":0.3183384305045909,"customerCount":0,"inGeofence":false,"lat":41.489766,"lng":-72.101058,"countyID":null,"msaID":"35980","msaName":"Norwich-New London, CT"},{"id":"36100","name":"Ocala, FL","geoLevel":"MSA","rank":136,"score":0.3894057596940304,"customerCount":0,"inGeofence":false,"lat":29.209672,"lng":-82.057653,"countyID":null,"msaID":"36100","msaName":"Ocala, FL"},{"id":"36140","name":"Ocean City, NJ","geoLevel":"MSA","rank":49,"score":0.4860324610244169,"customerCount":0,"inGeofence":false,"lat":39.151457,"lng":-74.807385,"countyID":null,"msaID":"36140","msaName":"Ocean City, NJ"},{"id":"36220","name":"Odessa, TX","geoLevel":"MSA","rank":188,"score":0.3599503353128945,"customerCount":0,"inGeofence":false,"lat":31.869176,"lng":-102.542766,"countyID":null,"msaID":"36220","msaName":"Odessa, TX"},{"id":"36260","name":"Ogden-Clearfield, UT","geoLevel":"MSA","rank":271,"score":0.3179955001236913,"customerCount":0,"inGeofence":false,"lat":41.468084,"lng":-112.860042,"countyID":null,"msaID":"36260","msaName":"Ogden-Clearfield, UT"},{"id":"36420","name":"Oklahoma City, OK","geoLevel":"MSA","rank":62,"score":0.4638319454895126,"customerCount":0,"inGeofence":false,"lat":35.429907,"lng":-97.503877,"countyID":null,"msaID":"36420","msaName":"Oklahoma City, OK"},{"id":"36500","name":"Olympia-Lacey-Tumwater, WA","geoLevel":"MSA","rank":285,"score":0.3129539933214975,"customerCount":0,"inGeofence":false,"lat":46.919833,"lng":-122.830138,"countyID":null,"msaID":"36500","msaName":"Olympia-Lacey-Tumwater, WA"},{"id":"36540","name":"Omaha-Council Bluffs, NE-IA","geoLevel":"MSA","rank":134,"score":0.3905606555071293,"customerCount":0,"inGeofence":false,"lat":41.290523,"lng":-95.998126,"countyID":null,"msaID":"36540","msaName":"Omaha-Council Bluffs, NE-IA"},{"id":"36740","name":"Orlando-Kissimmee-Sanford, FL","geoLevel":"MSA","rank":14,"score":0.8806829650993332,"customerCount":0,"inGeofence":false,"lat":28.431536,"lng":-81.351454,"countyID":null,"msaID":"36740","msaName":"Orlando-Kissimmee-Sanford, FL"},{"id":"36780","name":"Oshkosh-Neenah, WI","geoLevel":"MSA","rank":354,"score":0.2761953360226845,"customerCount":0,"inGeofence":false,"lat":44.072383,"lng":-88.673928,"countyID":null,"msaID":"36780","msaName":"Oshkosh-Neenah, WI"},{"id":"36980","name":"Owensboro, KY","geoLevel":"MSA","rank":254,"score":0.3267923012695578,"customerCount":0,"inGeofence":false,"lat":37.69531,"lng":-87.070927,"countyID":null,"msaID":"36980","msaName":"Owensboro, KY"},{"id":"37100","name":"Oxnard-Thousand Oaks-Ventura, CA","geoLevel":"MSA","rank":100,"score":0.4194052091277962,"customerCount":0,"inGeofence":false,"lat":34.456469,"lng":-119.083415,"countyID":null,"msaID":"37100","msaName":"Oxnard-Thousand Oaks-Ventura, CA"},{"id":"37340","name":"Palm Bay-Melbourne-Titusville, FL","geoLevel":"MSA","rank":65,"score":0.4591079600252135,"customerCount":0,"inGeofence":false,"lat":28.262197,"lng":-80.744086,"countyID":null,"msaID":"37340","msaName":"Palm Bay-Melbourne-Titusville, FL"},{"id":"37460","name":"Panama City, FL","geoLevel":"MSA","rank":61,"score":0.4640926464175792,"customerCount":0,"inGeofence":false,"lat":30.279209,"lng":-85.61424,"countyID":null,"msaID":"37460","msaName":"Panama City, FL"},{"id":"37620","name":"Parkersburg-Vienna, WV","geoLevel":"MSA","rank":299,"score":0.3032380352078356,"customerCount":0,"inGeofence":false,"lat":39.136982,"lng":-81.461148,"countyID":null,"msaID":"37620","msaName":"Parkersburg-Vienna, WV"},{"id":"37860","name":"Pensacola-Ferry Pass-Brent, FL","geoLevel":"MSA","rank":95,"score":0.4232806127067973,"customerCount":0,"inGeofence":false,"lat":30.720538,"lng":-87.159035,"countyID":null,"msaID":"37860","msaName":"Pensacola-Ferry Pass-Brent, FL"},{"id":"37900","name":"Peoria, IL","geoLevel":"MSA","rank":225,"score":0.3389464043397356,"customerCount":0,"inGeofence":false,"lat":40.705813,"lng":-89.696808,"countyID":null,"msaID":"37900","msaName":"Peoria, IL"},{"id":"37980","name":"Philadelphia-Camden-Wilmington, PA-NJ-DE-MD","geoLevel":"MSA","rank":20,"score":0.817198241729089,"customerCount":0,"inGeofence":false,"lat":39.908482,"lng":-75.299397,"countyID":null,"msaID":"37980","msaName":"Philadelphia-Camden-Wilmington, PA-NJ-DE-MD"},{"id":"38060","name":"Phoenix-Mesa-Chandler, AZ","geoLevel":"MSA","rank":9,"score":0.9178858009788439,"customerCount":0,"inGeofence":false,"lat":33.185666,"lng":-112.071411,"countyID":null,"msaID":"38060","msaName":"Phoenix-Mesa-Chandler, AZ"},{"id":"38220","name":"Pine Bluff, AR","geoLevel":"MSA","rank":246,"score":0.3322260127222932,"customerCount":0,"inGeofence":false,"lat":34.075047,"lng":-91.951442,"countyID":null,"msaID":"38220","msaName":"Pine Bluff, AR"},{"id":"38300","name":"Pittsburgh, PA","geoLevel":"MSA","rank":31,"score":0.5908987461978131,"customerCount":0,"inGeofence":false,"lat":40.438993,"lng":-79.83063,"countyID":null,"msaID":"38300","msaName":"Pittsburgh, PA"},{"id":"38340","name":"Pittsfield, MA","geoLevel":"MSA","rank":369,"score":0.2670119486788309,"customerCount":0,"inGeofence":false,"lat":42.370692,"lng":-73.206411,"countyID":null,"msaID":"38340","msaName":"Pittsfield, MA"},{"id":"38540","name":"Pocatello, ID","geoLevel":"MSA","rank":386,"score":0.2485877755266955,"customerCount":0,"inGeofence":false,"lat":42.67627,"lng":-112.562424,"countyID":null,"msaID":"38540","msaName":"Pocatello, ID"},{"id":"38660","name":"Ponce, PR","geoLevel":"MSA","rank":255,"score":0.3258437050714996,"customerCount":0,"inGeofence":false,"lat":18.095474,"lng":-66.603203,"countyID":null,"msaID":"38660","msaName":"Ponce, PR"},{"id":"38860","name":"Portland-South Portland, ME","geoLevel":"MSA","rank":218,"score":0.3408290394241297,"customerCount":0,"inGeofence":false,"lat":43.690088,"lng":-70.485682,"countyID":null,"msaID":"38860","msaName":"Portland-South Portland, ME"},{"id":"38900","name":"Portland-Vancouver-Hillsboro, OR-WA","geoLevel":"MSA","rank":35,"score":0.5810580091987954,"customerCount":0,"inGeofence":false,"lat":45.596516,"lng":-122.476616,"countyID":null,"msaID":"38900","msaName":"Portland-Vancouver-Hillsboro, OR-WA"},{"id":"38940","name":"Port St. Lucie, FL","geoLevel":"MSA","rank":42,"score":0.5177822882618227,"customerCount":0,"inGeofence":false,"lat":27.232844,"lng":-80.438281,"countyID":null,"msaID":"38940","msaName":"Port St. Lucie, FL"},{"id":"39100","name":"Poughkeepsie-Newburgh-Middletown, NY","geoLevel":"MSA","rank":156,"score":0.3784722356802036,"customerCount":0,"inGeofence":false,"lat":41.581303,"lng":-74.026429,"countyID":null,"msaID":"39100","msaName":"Poughkeepsie-Newburgh-Middletown, NY"},{"id":"39150","name":"Prescott Valley-Prescott, AZ","geoLevel":"MSA","rank":209,"score":0.3469884581863715,"customerCount":0,"inGeofence":false,"lat":34.599841,"lng":-112.553736,"countyID":null,"msaID":"39150","msaName":"Prescott Valley-Prescott, AZ"},{"id":"39300","name":"Providence-Warwick, RI-MA","geoLevel":"MSA","rank":54,"score":0.47546324254184,"customerCount":0,"inGeofence":false,"lat":41.721692,"lng":-71.402938,"countyID":null,"msaID":"39300","msaName":"Providence-Warwick, RI-MA"},{"id":"39340","name":"Provo-Orem, UT","geoLevel":"MSA","rank":289,"score":0.3104316683276611,"customerCount":0,"inGeofence":false,"lat":39.855593,"lng":-112.366256,"countyID":null,"msaID":"39340","msaName":"Provo-Orem, UT"},{"id":"39380","name":"Pueblo, CO","geoLevel":"MSA","rank":317,"score":0.2925489062397162,"customerCount":0,"inGeofence":false,"lat":38.173216,"lng":-104.512596,"countyID":null,"msaID":"39380","msaName":"Pueblo, CO"},{"id":"39460","name":"Punta Gorda, FL","geoLevel":"MSA","rank":83,"score":0.4388177010384852,"customerCount":0,"inGeofence":false,"lat":26.906966,"lng":-81.893398,"countyID":null,"msaID":"39460","msaName":"Punta Gorda, FL"},{"id":"39540","name":"Racine, WI","geoLevel":"MSA","rank":356,"score":0.2747609006319014,"customerCount":0,"inGeofence":false,"lat":42.747476,"lng":-88.061368,"countyID":null,"msaID":"39540","msaName":"Racine, WI"},{"id":"39580","name":"Raleigh-Cary, NC","geoLevel":"MSA","rank":41,"score":0.5208109198530727,"customerCount":0,"inGeofence":false,"lat":35.7573,"lng":-78.46078,"countyID":null,"msaID":"39580","msaName":"Raleigh-Cary, NC"},{"id":"39660","name":"Rapid City, SD","geoLevel":"MSA","rank":363,"score":0.2711126917456632,"customerCount":0,"inGeofence":false,"lat":44.317905,"lng":-102.764325,"countyID":null,"msaID":"39660","msaName":"Rapid City, SD"},{"id":"39740","name":"Reading, PA","geoLevel":"MSA","rank":198,"score":0.3526259264272207,"customerCount":0,"inGeofence":false,"lat":40.416402,"lng":-75.925757,"countyID":null,"msaID":"39740","msaName":"Reading, PA"},{"id":"39820","name":"Redding, CA","geoLevel":"MSA","rank":206,"score":0.3478997905982313,"customerCount":0,"inGeofence":false,"lat":40.763701,"lng":-122.037097,"countyID":null,"msaID":"39820","msaName":"Redding, CA"},{"id":"39900","name":"Reno, NV","geoLevel":"MSA","rank":114,"score":0.4096798521161907,"customerCount":0,"inGeofence":false,"lat":40.638187,"lng":-119.660645,"countyID":null,"msaID":"39900","msaName":"Reno, NV"},{"id":"40060","name":"Richmond, VA","geoLevel":"MSA","rank":53,"score":0.4765566011721349,"customerCount":0,"inGeofence":false,"lat":37.412242,"lng":-77.452646,"countyID":null,"msaID":"40060","msaName":"Richmond, VA"},{"id":"40140","name":"Riverside-San Bernardino-Ontario, CA","geoLevel":"MSA","rank":23,"score":0.7810768590476689,"customerCount":0,"inGeofence":false,"lat":34.552605,"lng":-116.128592,"countyID":null,"msaID":"40140","msaName":"Riverside-San Bernardino-Ontario, CA"},{"id":"40220","name":"Roanoke, VA","geoLevel":"MSA","rank":178,"score":0.3678110446555036,"customerCount":0,"inGeofence":false,"lat":37.287738,"lng":-79.949566,"countyID":null,"msaID":"40220","msaName":"Roanoke, VA"},{"id":"40340","name":"Rochester, MN","geoLevel":"MSA","rank":338,"score":0.2854996506579255,"customerCount":0,"inGeofence":false,"lat":43.952221,"lng":-92.340978,"countyID":null,"msaID":"40340","msaName":"Rochester, MN"},{"id":"40380","name":"Rochester, NY","geoLevel":"MSA","rank":154,"score":0.3794383021138859,"customerCount":0,"inGeofence":false,"lat":42.969497,"lng":-77.515148,"countyID":null,"msaID":"40380","msaName":"Rochester, NY"},{"id":"40420","name":"Rockford, IL","geoLevel":"MSA","rank":277,"score":0.3146274523633053,"customerCount":0,"inGeofence":false,"lat":42.331572,"lng":-89.041878,"countyID":null,"msaID":"40420","msaName":"Rockford, IL"},{"id":"40580","name":"Rocky Mount, NC","geoLevel":"MSA","rank":175,"score":0.3691739345735995,"customerCount":0,"inGeofence":false,"lat":35.94105,"lng":-77.798635,"countyID":null,"msaID":"40580","msaName":"Rocky Mount, NC"},{"id":"40660","name":"Rome, GA","geoLevel":"MSA","rank":202,"score":0.3495604689641313,"customerCount":0,"inGeofence":false,"lat":34.263372,"lng":-85.213647,"countyID":null,"msaID":"40660","msaName":"Rome, GA"},{"id":"40900","name":"Sacramento-Roseville-Folsom, CA","geoLevel":"MSA","rank":26,"score":0.7200552211899031,"customerCount":0,"inGeofence":false,"lat":38.775459,"lng":-121.018529,"countyID":null,"msaID":"40900","msaName":"Sacramento-Roseville-Folsom, CA"},{"id":"40980","name":"Saginaw, MI","geoLevel":"MSA","rank":360,"score":0.2717121591640529,"customerCount":0,"inGeofence":false,"lat":43.334381,"lng":-84.053807,"countyID":null,"msaID":"40980","msaName":"Saginaw, MI"},{"id":"41060","name":"St. Cloud, MN","geoLevel":"MSA","rank":366,"score":0.2688961305273773,"customerCount":0,"inGeofence":false,"lat":45.585764,"lng":-94.472677,"countyID":null,"msaID":"41060","msaName":"St. Cloud, MN"},{"id":"41100","name":"St. George, UT","geoLevel":"MSA","rank":159,"score":0.3768536477228087,"customerCount":0,"inGeofence":false,"lat":37.280412,"lng":-113.504724,"countyID":null,"msaID":"41100","msaName":"St. George, UT"},{"id":"41140","name":"St. Joseph, MO-KS","geoLevel":"MSA","rank":272,"score":0.3179449888420344,"customerCount":0,"inGeofence":false,"lat":39.834336,"lng":-94.782876,"countyID":null,"msaID":"41140","msaName":"St. Joseph, MO-KS"},{"id":"41180","name":"St. Louis, MO-IL","geoLevel":"MSA","rank":58,"score":0.4690517392497023,"customerCount":0,"inGeofence":false,"lat":38.734503,"lng":-90.351471,"countyID":null,"msaID":"41180","msaName":"St. Louis, MO-IL"},{"id":"41420","name":"Salem, OR","geoLevel":"MSA","rank":240,"score":0.3339674026257377,"customerCount":0,"inGeofence":false,"lat":44.903211,"lng":-122.902692,"countyID":null,"msaID":"41420","msaName":"Salem, OR"},{"id":"41500","name":"Salinas, CA","geoLevel":"MSA","rank":105,"score":0.416164997954187,"customerCount":0,"inGeofence":false,"lat":36.216809,"lng":-121.238712,"countyID":null,"msaID":"41500","msaName":"Salinas, CA"},{"id":"41540","name":"Salisbury, MD-DE","geoLevel":"MSA","rank":116,"score":0.407598288487224,"customerCount":0,"inGeofence":false,"lat":38.429967,"lng":-75.481368,"countyID":null,"msaID":"41540","msaName":"Salisbury, MD-DE"},{"id":"41620","name":"Salt Lake City, UT","geoLevel":"MSA","rank":27,"score":0.673531430708598,"customerCount":0,"inGeofence":false,"lat":40.445629,"lng":-113.045619,"countyID":null,"msaID":"41620","msaName":"Salt Lake City, UT"},{"id":"41660","name":"San Angelo, TX","geoLevel":"MSA","rank":203,"score":0.3492061267634856,"customerCount":0,"inGeofence":false,"lat":31.486052,"lng":-100.772418,"countyID":null,"msaID":"41660","msaName":"San Angelo, TX"},{"id":"41700","name":"San Antonio-New Braunfels, TX","geoLevel":"MSA","rank":32,"score":0.586168045200104,"customerCount":0,"inGeofence":false,"lat":29.428766,"lng":-98.602274,"countyID":null,"msaID":"41700","msaName":"San Antonio-New Braunfels, TX"},{"id":"41740","name":"San Diego-Chula Vista-Carlsbad, CA","geoLevel":"MSA","rank":13,"score":0.8844079871223633,"customerCount":0,"inGeofence":false,"lat":33.035973,"lng":-116.732689,"countyID":null,"msaID":"41740","msaName":"San Diego-Chula Vista-Carlsbad, CA"},{"id":"41860","name":"San Francisco-Oakland-Berkeley, CA","geoLevel":"MSA","rank":3,"score":0.9980866741965673,"customerCount":0,"inGeofence":false,"lat":37.775923,"lng":-122.16696,"countyID":null,"msaID":"41860","msaName":"San Francisco-Oakland-Berkeley, CA"},{"id":"41900","name":"San Germn, PR","geoLevel":"MSA","rank":268,"score":0.3185805623866436,"customerCount":0,"inGeofence":false,"lat":18.057589,"lng":-67.060892,"countyID":null,"msaID":"41900","msaName":"San Germn, PR"},{"id":"41940","name":"San Jose-Sunnyvale-Santa Clara, CA","geoLevel":"MSA","rank":8,"score":0.9518798230289041,"customerCount":0,"inGeofence":false,"lat":36.909208,"lng":-121.375558,"countyID":null,"msaID":"41940","msaName":"San Jose-Sunnyvale-Santa Clara, CA"},{"id":"41980","name":"San Juan-Bayamn-Caguas, PR","geoLevel":"MSA","rank":98,"score":0.4202847057654095,"customerCount":0,"inGeofence":false,"lat":18.274393,"lng":-66.113382,"countyID":null,"msaID":"41980","msaName":"San Juan-Bayamn-Caguas, PR"},{"id":"42020","name":"San Luis Obispo-Paso Robles, CA","geoLevel":"MSA","rank":82,"score":0.4399059152830413,"customerCount":0,"inGeofence":false,"lat":35.387136,"lng":-120.403884,"countyID":null,"msaID":"42020","msaName":"San Luis Obispo-Paso Robles, CA"},{"id":"42100","name":"Santa Cruz-Watsonville, CA","geoLevel":"MSA","rank":119,"score":0.4043603392154153,"customerCount":0,"inGeofence":false,"lat":37.056298,"lng":-122.001755,"countyID":null,"msaID":"42100","msaName":"Santa Cruz-Watsonville, CA"},{"id":"42140","name":"Santa Fe, NM","geoLevel":"MSA","rank":222,"score":0.3396503265302577,"customerCount":0,"inGeofence":false,"lat":35.506923,"lng":-105.976283,"countyID":null,"msaID":"42140","msaName":"Santa Fe, NM"},{"id":"42200","name":"Santa Maria-Santa Barbara, CA","geoLevel":"MSA","rank":51,"score":0.4803010525289746,"customerCount":0,"inGeofence":false,"lat":34.673137,"lng":-120.016866,"countyID":null,"msaID":"42200","msaName":"Santa Maria-Santa Barbara, CA"},{"id":"42220","name":"Santa Rosa-Petaluma, CA","geoLevel":"MSA","rank":90,"score":0.4286034170443073,"customerCount":0,"inGeofence":false,"lat":38.5291,"lng":-122.887634,"countyID":null,"msaID":"42220","msaName":"Santa Rosa-Petaluma, CA"},{"id":"42340","name":"Savannah, GA","geoLevel":"MSA","rank":39,"score":0.5328736974939361,"customerCount":0,"inGeofence":false,"lat":32.140382,"lng":-81.312314,"countyID":null,"msaID":"42340","msaName":"Savannah, GA"},{"id":"42540","name":"Scranton--Wilkes-Barre, PA","geoLevel":"MSA","rank":294,"score":0.3078151411397698,"customerCount":0,"inGeofence":false,"lat":41.322961,"lng":-75.895045,"countyID":null,"msaID":"42540","msaName":"Scranton--Wilkes-Barre, PA"},{"id":"42660","name":"Seattle-Tacoma-Bellevue, WA","geoLevel":"MSA","rank":12,"score":0.9062570335506954,"customerCount":0,"inGeofence":false,"lat":47.560224,"lng":-121.84675,"countyID":null,"msaID":"42660","msaName":"Seattle-Tacoma-Bellevue, WA"},{"id":"42680","name":"Sebastian-Vero Beach, FL","geoLevel":"MSA","rank":93,"score":0.424344979375715,"customerCount":0,"inGeofence":false,"lat":27.692646,"lng":-80.615998,"countyID":null,"msaID":"42680","msaName":"Sebastian-Vero Beach, FL"},{"id":"42700","name":"Sebring-Avon Park, FL","geoLevel":"MSA","rank":102,"score":0.4187017128056844,"customerCount":0,"inGeofence":false,"lat":27.342203,"lng":-81.343823,"countyID":null,"msaID":"42700","msaName":"Sebring-Avon Park, FL"},{"id":"43100","name":"Sheboygan, WI","geoLevel":"MSA","rank":381,"score":0.254364934996669,"customerCount":0,"inGeofence":false,"lat":43.721138,"lng":-87.945392,"countyID":null,"msaID":"43100","msaName":"Sheboygan, WI"},{"id":"43300","name":"Sherman-Denison, TX","geoLevel":"MSA","rank":220,"score":0.3405154185730757,"customerCount":0,"inGeofence":false,"lat":33.618209,"lng":-96.673853,"countyID":null,"msaID":"43300","msaName":"Sherman-Denison, TX"},{"id":"43340","name":"Shreveport-Bossier City, LA","geoLevel":"MSA","rank":109,"score":0.4140683778172515,"customerCount":0,"inGeofence":false,"lat":32.437038,"lng":-93.743771,"countyID":null,"msaID":"43340","msaName":"Shreveport-Bossier City, LA"},{"id":"43420","name":"Sierra Vista-Douglas, AZ","geoLevel":"MSA","rank":196,"score":0.3528605399986707,"customerCount":0,"inGeofence":false,"lat":31.879645,"lng":-109.751266,"countyID":null,"msaID":"43420","msaName":"Sierra Vista-Douglas, AZ"},{"id":"43580","name":"Sioux City, IA-NE-SD","geoLevel":"MSA","rank":337,"score":0.2857492902379867,"customerCount":0,"inGeofence":false,"lat":42.512487,"lng":-96.435882,"countyID":null,"msaID":"43580","msaName":"Sioux City, IA-NE-SD"},{"id":"43620","name":"Sioux Falls, SD","geoLevel":"MSA","rank":230,"score":0.3369134411240369,"customerCount":0,"inGeofence":false,"lat":43.499722,"lng":-96.99009,"countyID":null,"msaID":"43620","msaName":"Sioux Falls, SD"},{"id":"43780","name":"South Bend-Mishawaka, IN-MI","geoLevel":"MSA","rank":219,"score":0.3405367383204063,"customerCount":0,"inGeofence":false,"lat":41.773782,"lng":-86.134162,"countyID":null,"msaID":"43780","msaName":"South Bend-Mishawaka, IN-MI"},{"id":"43900","name":"Spartanburg, SC","geoLevel":"MSA","rank":110,"score":0.4138086373124312,"customerCount":0,"inGeofence":false,"lat":34.930919,"lng":-81.990768,"countyID":null,"msaID":"43900","msaName":"Spartanburg, SC"},{"id":"44060","name":"Spokane-Spokane Valley, WA","geoLevel":"MSA","rank":243,"score":0.3326489443658615,"customerCount":0,"inGeofence":false,"lat":48.077664,"lng":-117.665244,"countyID":null,"msaID":"44060","msaName":"Spokane-Spokane Valley, WA"},{"id":"44100","name":"Springfield, IL","geoLevel":"MSA","rank":210,"score":0.346846890379264,"customerCount":0,"inGeofence":false,"lat":39.829457,"lng":-89.696864,"countyID":null,"msaID":"44100","msaName":"Springfield, IL"},{"id":"44140","name":"Springfield, MA","geoLevel":"MSA","rank":273,"score":0.3171557850129325,"customerCount":0,"inGeofence":false,"lat":42.364724,"lng":-72.629651,"countyID":null,"msaID":"44140","msaName":"Springfield, MA"},{"id":"44180","name":"Springfield, MO","geoLevel":"MSA","rank":144,"score":0.3839942741899307,"customerCount":0,"inGeofence":false,"lat":37.361571,"lng":-93.176615,"countyID":null,"msaID":"44180","msaName":"Springfield, MO"},{"id":"44220","name":"Springfield, OH","geoLevel":"MSA","rank":327,"score":0.2889441461123227,"customerCount":0,"inGeofence":false,"lat":39.916792,"lng":-83.783903,"countyID":null,"msaID":"44220","msaName":"Springfield, OH"},{"id":"44300","name":"State College, PA","geoLevel":"MSA","rank":233,"score":0.3354453658152025,"customerCount":0,"inGeofence":false,"lat":40.91917,"lng":-77.819858,"countyID":null,"msaID":"44300","msaName":"State College, PA"},{"id":"44420","name":"Staunton, VA","geoLevel":"MSA","rank":283,"score":0.3132693741913129,"customerCount":0,"inGeofence":false,"lat":38.162793,"lng":-79.128977,"countyID":null,"msaID":"44420","msaName":"Staunton, VA"},{"id":"44700","name":"Stockton, CA","geoLevel":"MSA","rank":76,"score":0.4459002699220301,"customerCount":0,"inGeofence":false,"lat":37.933664,"lng":-121.267955,"countyID":null,"msaID":"44700","msaName":"Stockton, CA"},{"id":"44940","name":"Sumter, SC","geoLevel":"MSA","rank":181,"score":0.3645650307072962,"customerCount":0,"inGeofence":false,"lat":33.809808,"lng":-80.293155,"countyID":null,"msaID":"44940","msaName":"Sumter, SC"},{"id":"45060","name":"Syracuse, NY","geoLevel":"MSA","rank":244,"score":0.3325936482701952,"customerCount":0,"inGeofence":false,"lat":43.153979,"lng":-76.031038,"countyID":null,"msaID":"45060","msaName":"Syracuse, NY"},{"id":"45220","name":"Tallahassee, FL","geoLevel":"MSA","rank":63,"score":0.460903778660634,"customerCount":0,"inGeofence":false,"lat":30.407542,"lng":-84.284319,"countyID":null,"msaID":"45220","msaName":"Tallahassee, FL"},{"id":"45300","name":"Tampa-St. Petersburg-Clearwater, FL","geoLevel":"MSA","rank":19,"score":0.824035953014509,"customerCount":0,"inGeofence":false,"lat":28.159287,"lng":-82.397692,"countyID":null,"msaID":"45300","msaName":"Tampa-St. Petersburg-Clearwater, FL"},{"id":"45460","name":"Terre Haute, IN","geoLevel":"MSA","rank":309,"score":0.2958551701483401,"customerCount":0,"inGeofence":false,"lat":39.480917,"lng":-87.311229,"countyID":null,"msaID":"45460","msaName":"Terre Haute, IN"},{"id":"45500","name":"Texarkana, TX-AR","geoLevel":"MSA","rank":226,"score":0.3388989837287359,"customerCount":0,"inGeofence":false,"lat":33.473189,"lng":-94.215728,"countyID":null,"msaID":"45500","msaName":"Texarkana, TX-AR"},{"id":"45540","name":"The Villages, FL","geoLevel":"MSA","rank":137,"score":0.388219448361417,"customerCount":0,"inGeofence":false,"lat":28.70324,"lng":-82.080143,"countyID":null,"msaID":"45540","msaName":"The Villages, FL"},{"id":"45780","name":"Toledo, OH","geoLevel":"MSA","rank":237,"score":0.3349766852454291,"customerCount":0,"inGeofence":false,"lat":41.504243,"lng":-83.681411,"countyID":null,"msaID":"45780","msaName":"Toledo, OH"},{"id":"45820","name":"Topeka, KS","geoLevel":"MSA","rank":288,"score":0.3117282365957835,"customerCount":0,"inGeofence":false,"lat":39.043692,"lng":-95.803125,"countyID":null,"msaID":"45820","msaName":"Topeka, KS"},{"id":"45940","name":"Trenton-Princeton, NJ","geoLevel":"MSA","rank":107,"score":0.4148972952154354,"customerCount":0,"inGeofence":false,"lat":40.283792,"lng":-74.700906,"countyID":null,"msaID":"45940","msaName":"Trenton-Princeton, NJ"},{"id":"46060","name":"Tucson, AZ","geoLevel":"MSA","rank":38,"score":0.5373813439636287,"customerCount":0,"inGeofence":false,"lat":32.097401,"lng":-111.789891,"countyID":null,"msaID":"46060","msaName":"Tucson, AZ"},{"id":"46140","name":"Tulsa, OK","geoLevel":"MSA","rank":87,"score":0.429706938678811,"customerCount":0,"inGeofence":false,"lat":36.250374,"lng":-96.17011,"countyID":null,"msaID":"46140","msaName":"Tulsa, OK"},{"id":"46220","name":"Tuscaloosa, AL","geoLevel":"MSA","rank":129,"score":0.391672285371379,"customerCount":0,"inGeofence":false,"lat":33.110061,"lng":-87.764838,"countyID":null,"msaID":"46220","msaName":"Tuscaloosa, AL"},{"id":"46300","name":"Twin Falls, ID","geoLevel":"MSA","rank":325,"score":0.2901657658484967,"customerCount":0,"inGeofence":false,"lat":42.435296,"lng":-114.57109,"countyID":null,"msaID":"46300","msaName":"Twin Falls, ID"},{"id":"46340","name":"Tyler, TX","geoLevel":"MSA","rank":164,"score":0.3749214959099049,"customerCount":0,"inGeofence":false,"lat":32.376667,"lng":-95.267445,"countyID":null,"msaID":"46340","msaName":"Tyler, TX"},{"id":"46520","name":"Urban Honolulu, HI","geoLevel":"MSA","rank":33,"score":0.5859865333237239,"customerCount":0,"inGeofence":false,"lat":21.482591,"lng":-158.048426,"countyID":null,"msaID":"46520","msaName":"Urban Honolulu, HI"},{"id":"46540","name":"Utica-Rome, NY","geoLevel":"MSA","rank":389,"score":0.2413276808856372,"customerCount":0,"inGeofence":false,"lat":43.33925,"lng":-75.173691,"countyID":null,"msaID":"46540","msaName":"Utica-Rome, NY"},{"id":"46660","name":"Valdosta, GA","geoLevel":"MSA","rank":182,"score":0.3644672759056296,"customerCount":0,"inGeofence":false,"lat":30.829497,"lng":-83.241591,"countyID":null,"msaID":"46660","msaName":"Valdosta, GA"},{"id":"46700","name":"Vallejo, CA","geoLevel":"MSA","rank":120,"score":0.4034063349513536,"customerCount":0,"inGeofence":false,"lat":38.281496,"lng":-121.926834,"countyID":null,"msaID":"46700","msaName":"Vallejo, CA"},{"id":"47020","name":"Victoria, TX","geoLevel":"MSA","rank":138,"score":0.3880000915423322,"customerCount":0,"inGeofence":false,"lat":28.727979,"lng":-97.195376,"countyID":null,"msaID":"47020","msaName":"Victoria, TX"},{"id":"47220","name":"Vineland-Bridgeton, NJ","geoLevel":"MSA","rank":248,"score":0.3312832285826712,"customerCount":0,"inGeofence":false,"lat":39.374401,"lng":-75.109275,"countyID":null,"msaID":"47220","msaName":"Vineland-Bridgeton, NJ"},{"id":"47260","name":"Virginia Beach-Norfolk-Newport News, VA-NC","geoLevel":"MSA","rank":60,"score":0.4678065681854939,"customerCount":0,"inGeofence":false,"lat":36.779044,"lng":-76.559125,"countyID":null,"msaID":"47260","msaName":"Virginia Beach-Norfolk-Newport News, VA-NC"},{"id":"47300","name":"Visalia, CA","geoLevel":"MSA","rank":231,"score":0.336860025440799,"customerCount":0,"inGeofence":false,"lat":36.220201,"lng":-118.80047,"countyID":null,"msaID":"47300","msaName":"Visalia, CA"},{"id":"47380","name":"Waco, TX","geoLevel":"MSA","rank":143,"score":0.3841768718206875,"customerCount":0,"inGeofence":false,"lat":31.425448,"lng":-97.089024,"countyID":null,"msaID":"47380","msaName":"Waco, TX"},{"id":"47460","name":"Walla Walla, WA","geoLevel":"MSA","rank":291,"score":0.3103800103150565,"customerCount":0,"inGeofence":false,"lat":46.22984,"lng":-118.470603,"countyID":null,"msaID":"47460","msaName":"Walla Walla, WA"},{"id":"47580","name":"Warner Robins, GA","geoLevel":"MSA","rank":195,"score":0.3540792000303515,"customerCount":0,"inGeofence":false,"lat":32.490241,"lng":-83.712181,"countyID":null,"msaID":"47580","msaName":"Warner Robins, GA"},{"id":"47900","name":"Washington-Arlington-Alexandria, DC-VA-MD-WV","geoLevel":"MSA","rank":6,"score":0.9614674420847232,"customerCount":0,"inGeofence":false,"lat":38.816911,"lng":-77.519341,"countyID":null,"msaID":"47900","msaName":"Washington-Arlington-Alexandria, DC-VA-MD-WV"},{"id":"47940","name":"Waterloo-Cedar Falls, IA","geoLevel":"MSA","rank":371,"score":0.2667930299758848,"customerCount":0,"inGeofence":false,"lat":42.536247,"lng":-92.471632,"countyID":null,"msaID":"47940","msaName":"Waterloo-Cedar Falls, IA"},{"id":"48060","name":"Watertown-Fort Drum, NY","geoLevel":"MSA","rank":380,"score":0.2555795772857614,"customerCount":0,"inGeofence":false,"lat":44.04105,"lng":-75.912241,"countyID":null,"msaID":"48060","msaName":"Watertown-Fort Drum, NY"},{"id":"48140","name":"Wausau-Weston, WI","geoLevel":"MSA","rank":388,"score":0.2452545967807493,"customerCount":0,"inGeofence":false,"lat":45.059201,"lng":-89.750152,"countyID":null,"msaID":"48140","msaName":"Wausau-Weston, WI"},{"id":"48260","name":"Weirton-Steubenville, WV-OH","geoLevel":"MSA","rank":352,"score":0.2766006943958492,"customerCount":0,"inGeofence":false,"lat":40.387209,"lng":-80.705797,"countyID":null,"msaID":"48260","msaName":"Weirton-Steubenville, WV-OH"},{"id":"48300","name":"Wenatchee, WA","geoLevel":"MSA","rank":370,"score":0.2668274258673313,"customerCount":0,"inGeofence":false,"lat":47.816463,"lng":-120.267409,"countyID":null,"msaID":"48300","msaName":"Wenatchee, WA"},{"id":"48540","name":"Wheeling, WV-OH","geoLevel":"MSA","rank":341,"score":0.2846408611835319,"customerCount":0,"inGeofence":false,"lat":39.975044,"lng":-80.842139,"countyID":null,"msaID":"48540","msaName":"Wheeling, WV-OH"},{"id":"48620","name":"Wichita, KS","geoLevel":"MSA","rank":152,"score":0.380641095029822,"customerCount":0,"inGeofence":false,"lat":37.638668,"lng":-97.245274,"countyID":null,"msaID":"48620","msaName":"Wichita, KS"},{"id":"48660","name":"Wichita Falls, TX","geoLevel":"MSA","rank":199,"score":0.3506232527067055,"customerCount":0,"inGeofence":false,"lat":33.775267,"lng":-98.492243,"countyID":null,"msaID":"48660","msaName":"Wichita Falls, TX"},{"id":"48700","name":"Williamsport, PA","geoLevel":"MSA","rank":351,"score":0.2777318121138082,"customerCount":0,"inGeofence":false,"lat":41.343941,"lng":-77.064521,"countyID":null,"msaID":"48700","msaName":"Williamsport, PA"},{"id":"48900","name":"Wilmington, NC","geoLevel":"MSA","rank":50,"score":0.4835938484093047,"customerCount":0,"inGeofence":false,"lat":34.474899,"lng":-77.901979,"countyID":null,"msaID":"48900","msaName":"Wilmington, NC"},{"id":"49020","name":"Winchester, VA-WV","geoLevel":"MSA","rank":279,"score":0.3143641100726588,"customerCount":0,"inGeofence":false,"lat":39.271986,"lng":-78.473501,"countyID":null,"msaID":"49020","msaName":"Winchester, VA-WV"},{"id":"49180","name":"Winston-Salem, NC","geoLevel":"MSA","rank":184,"score":0.3643862226463416,"customerCount":0,"inGeofence":false,"lat":36.079297,"lng":-80.345895,"countyID":null,"msaID":"49180","msaName":"Winston-Salem, NC"},{"id":"49340","name":"Worcester, MA-CT","geoLevel":"MSA","rank":212,"score":0.3439270585767245,"customerCount":0,"inGeofence":false,"lat":42.22156,"lng":-71.924914,"countyID":null,"msaID":"49340","msaName":"Worcester, MA-CT"},{"id":"49420","name":"Yakima, WA","geoLevel":"MSA","rank":332,"score":0.286029594681299,"customerCount":0,"inGeofence":false,"lat":46.456933,"lng":-120.739328,"countyID":null,"msaID":"49420","msaName":"Yakima, WA"},{"id":"49500","name":"Yauco, PR","geoLevel":"MSA","rank":260,"score":0.3222050104459102,"customerCount":0,"inGeofence":false,"lat":18.047992,"lng":-66.823715,"countyID":null,"msaID":"49500","msaName":"Yauco, PR"},{"id":"49620","name":"York-Hanover, PA","geoLevel":"MSA","rank":223,"score":0.3395531361515733,"customerCount":0,"inGeofence":false,"lat":39.919864,"lng":-76.726744,"countyID":null,"msaID":"49620","msaName":"York-Hanover, PA"},{"id":"49660","name":"Youngstown-Warren-Boardman, OH-PA","geoLevel":"MSA","rank":336,"score":0.2857649715433295,"customerCount":0,"inGeofence":false,"lat":41.237835,"lng":-80.567661,"countyID":null,"msaID":"49660","msaName":"Youngstown-Warren-Boardman, OH-PA"},{"id":"49700","name":"Yuba City, CA","geoLevel":"MSA","rank":149,"score":0.3826081255289856,"customerCount":0,"inGeofence":false,"lat":39.156091,"lng":-121.517509,"countyID":null,"msaID":"49700","msaName":"Yuba City, CA"},{"id":"49740","name":"Yuma, AZ","geoLevel":"MSA","rank":145,"score":0.3833853640665489,"customerCount":0,"inGeofence":false,"lat":32.769547,"lng":-113.90538,"countyID":null,"msaID":"49740","msaName":"Yuma, AZ"}]